handle,channel,subs,id,format,title,date,views,likes,comments,comments_off,duration,url
3cotni,3cotni,20600,zO2c3yQMEAo,Видео,ПРЕДЛОЖИЛ 30 ТОП-ИГРОКАМ ФЕЙСИТА СЫГРАТЬ В ПАТИ В CS2 и они ответили...,2025-09-01,702044,28463,888,False,977,https://www.youtube.com/watch?v=zO2c3yQMEAo
3cotni,3cotni,20600,amLQS9ESo4g,Видео,ДАЛ 5 ЛВЛУ ФЕЙСИТА АККАУНТ С 2300 ЭЛО В КС2 и вот что из этого вышло...,2025-04-21,284191,6584,758,False,661,https://www.youtube.com/watch?v=amLQS9ESo4g
3cotni,3cotni,20600,r3t6b7kEzUc,Видео,ПРО-ИГРОКИ ОЦЕНИВАЮТ РАУНДЫ СТРИМЕРОВ С ФЕЙСИТА,2026-06-25,174591,4259,221,False,883,https://www.youtube.com/watch?v=r3t6b7kEzUc
3cotni,3cotni,20600,FMkm722insg,Видео,УГАДАЙ ПРО-ИГРОКА ПО 1 РАУНДУ в CS2 (это сложно...),2026-09-08,159969,1912,144,False,853,https://www.youtube.com/watch?v=FMkm722insg
3cotni,3cotni,20600,7MRAc5lH6nU,Видео,ПРО-ИГРОКИ ОЦЕНИВАЮТ МОИ РАУНДЫ С ФЕЙСИТА (не зная что это я..),2026-03-16,151239,6282,278,False,946,https://www.youtube.com/watch?v=7MRAc5lH6nU
3cotni,3cotni,20600,6Lazkfc0q80,Видео,6 ЛВЛ ФЕЙСИТА УВЕРЕН ЧТО ИГРАЕТ НА 2000 ЭЛО в CS2,2026-01-20,136253,4650,712,False,992,https://www.youtube.com/watch?v=6Lazkfc0q80
3cotni,3cotni,20600,w-W2_3nC7Kw,Видео,ЗАДОНАТИЛ 10 СТРИМЕРАМ CS2 ЧТОБЫ СЫГРАТЬ С НИМИ В ПАТИ НА ФЕЙСИТЕ,2025-09-22,134419,5846,545,False,955,https://www.youtube.com/watch?v=w-W2_3nC7Kw
3cotni,3cotni,20600,D13OeSVb1Zo,Видео,ВЫЗВАЛ НА ДУЭЛЬ КАЖДЫЙ ЛВЛ ФЕЙСИТА (они меня удивили),2026-08-24,130094,1943,159,False,930,https://www.youtube.com/watch?v=D13OeSVb1Zo
3cotni,3cotni,20600,J7pUlrQNHuo,Видео,10 ЛВЛ ФЕЙСИТА ВПЕРВЫЕ ЗАШЕЛ НА 1 ЛВЛ В КС2 и был в шоке от увиденного..,2025-05-19,117227,3558,241,False,620,https://www.youtube.com/watch?v=J7pUlrQNHuo
3cotni,3cotni,20600,-mdKoqnh1C4,Видео,ПРОВЕЛ 24 ЧАСА В ПАТИ С ПРО-ИГРОКАМИ НА ФЕЙСИТЕ (я мясо),2026-09-27,109854,1676,83,False,1638,https://www.youtube.com/watch?v=-mdKoqnh1C4
3cotni,3cotni,20600,LwXXGCx4_jk,Видео,ДОНАЧУ СТРИМЕРАМ И ПРЕДЛАГАЮ СЫГРАТЬ В ПАТИ НА ФЕЙСИТЕ,2026-07-13,102209,3547,427,False,1075,https://www.youtube.com/watch?v=LwXXGCx4_jk
3cotni,3cotni,20600,cVGfHwwoevE,Видео,ВЫЗВАЛ 10 ПРО-ИГРОКОВ НА ДУЭЛЬ в CS2,2026-05-27,97820,3358,231,False,1206,https://www.youtube.com/watch?v=cVGfHwwoevE
3cotni,3cotni,20600,OjrUcP74e7w,Shorts,ЭТО САМЫЙ НЕДОВОЛЬНЫЙ ИГРОК НА ФЕЙСИТЕ В CS2 #cs2 #csgo #10lvlfaciet #faceit #shorts,2025-05-05,81617,693,27,False,47,https://www.youtube.com/shorts/OjrUcP74e7w
3cotni,3cotni,20600,mudf4oi5mwo,Видео,ПОПРОСИЛ 10 ПРО ИГРОКОВ ЗАКОЛИТЬ РАУНД В CS2 и сыграл его на Фейсите..,2025-12-01,69900,2984,150,False,925,https://www.youtube.com/watch?v=mudf4oi5mwo
3cotni,3cotni,20600,FzdnUlSUyCw,Видео,СЫГРАЛ С 4 СТРИМЕРШАМИ CS2 В ПАТИ НА ФЕЙСИТЕ и был в шоке от увиденного...,2025-10-20,65109,3093,224,False,811,https://www.youtube.com/watch?v=FzdnUlSUyCw
3cotni,3cotni,20600,rrs20XmeODQ,Shorts,6 ЛВЛ ФЕЙСИТА ПОПАЛ НА 2500 ЭЛО И ВСТРЕТИЛ ХУДШЕГО НЫТИКА В КС2 #cs2 #csgo #10lvlfaciet #shorts,2025-07-30,53203,683,31,False,59,https://www.youtube.com/shorts/rrs20XmeODQ
3cotni,3cotni,20600,s6sLsOzqCeY,Shorts,ЧТО БУДЕТ ЕСЛИ 5 ЛВЛ ФЕЙСИТА СЫГРАЕТ НА АККАУНТЕ С 9 ЛВЛОМ? #cs2 #csgo #10lvlfaciet #faceit #shorts,2025-05-07,51239,679,28,False,44,https://www.youtube.com/shorts/s6sLsOzqCeY
3cotni,3cotni,20600,SLHwFPtpSr0,Shorts,Как 1 лвла Фейсита играют в КС2? #cs2 #csgo #10lvlfaciet #faceit #shorts,2025-05-23,48059,492,12,False,58,https://www.youtube.com/shorts/SLHwFPtpSr0
3cotni,3cotni,20600,WXk2Izt2Kbo,Shorts,это ЛУЧШИЙ РАУНД на 10 лвл фейсита в КС2 #cs2 #10lvlfaciet #shorts,2025-04-12,35174,511,27,False,40,https://www.youtube.com/shorts/WXk2Izt2Kbo
3cotni,3cotni,20600,kFPLy8pWtto,Видео,ПРО-ИГРОКИ КОЛЯТ МНЕ РАУНДЫ НА ФЕЙСИТЕ,2026-07-27,33618,1813,119,False,974,https://www.youtube.com/watch?v=kFPLy8pWtto
3cotni,3cotni,20600,DkcCGRkuo9o,Shorts,"4 ПОПУЛЯРНЫХ МИФА в КС2, в которые верят даже 10 лвла Фейсита #cs2 #10lvlfaciet #faceit #shorts",2025-04-18,30428,381,15,False,49,https://www.youtube.com/shorts/DkcCGRkuo9o
3cotni,3cotni,20600,TojWOpf3upQ,Shorts,это ЛУЧШАЯ РАЗМИНКА перед матчами на Фейсите в КС2 #10lvlfaciet #csgo #cs2 #faceit #shorts,2025-04-16,28652,760,19,False,57,https://www.youtube.com/shorts/TojWOpf3upQ
3cotni,3cotni,20600,JRSzhc6TRrY,Видео,ДАЮ ДЕНЬГИ 5 ЛВЛУ ЗА КАЖДЫЙ ФРАГ НА 2000 ЭЛО в CS2,2025-08-18,27559,1182,123,False,892,https://www.youtube.com/watch?v=JRSzhc6TRrY
3cotni,3cotni,20600,3jdU7tGYTf8,Видео,ЗАПЛАТИЛ СТРИМЕРШЕ 10.000 РУБЛЕЙ ЗА ИГРУ НА ФЕЙСИТЕ в CS2,2025-11-17,27214,1549,240,False,970,https://www.youtube.com/watch?v=3jdU7tGYTf8
3cotni,3cotni,20600,-HMynyrmVLg,Видео,ЗАСТАВИЛ ТОП-100 ФЕЙСИТА В CS2 СЫГРАТЬ В ПАТИ С 7 ЛВЛОМ и это безумие.. ,2025-12-15,26768,1027,274,False,1100,https://www.youtube.com/watch?v=-HMynyrmVLg
3cotni,3cotni,20600,prFhzl9szSo,Shorts,СТАЛ ТРЕНЕРОМ ДЛЯ 5 ЛВЛА НА ФЕЙСИТЕ В CS2 И СЛУЧИЛОСЬ ЭТО... #cs2 #csgo #10lvlfaciet #shorts,2025-05-28,25314,298,4,False,59,https://www.youtube.com/shorts/prFhzl9szSo
3cotni,3cotni,20600,ZJY0o96QRHU,Видео,ПОЧЕМУ ТЫ НЕ МОЖЕШЬ АПНУТЬ 10 ЛВЛ ФЕЙСИТА в КС2?,2026-02-16,24593,804,138,False,620,https://www.youtube.com/watch?v=ZJY0o96QRHU
3cotni,3cotni,20600,p6F0nNzVOas,Видео,"5 ИГРОКОВ НА 3000 ELO, НО ОДИН ИЗ НАС — ПРЕДАТЕЛЬ…",2026-04-27,22790,931,111,False,1142,https://www.youtube.com/watch?v=p6F0nNzVOas
3cotni,3cotni,20600,orQ3nYCMNV8,Видео,10 ЛВЛ ПОПАЛ НА САМЫЙ ТОКСИЧНЫЙ УРОВЕНЬ ФЕЙСИТА В CS2,2025-06-02,22629,705,77,False,754,https://www.youtube.com/watch?v=orQ3nYCMNV8
3cotni,3cotni,20600,pnGgVpFI-D0,Shorts,Кто в 2025 году играет на 1 лвле Фейсита в КС2? #cs2 #csgo #10lvlfaciet #faceit #shorts,2025-05-20,21973,207,15,False,60,https://www.youtube.com/shorts/pnGgVpFI-D0
3cotni,3cotni,20600,K8OUQeasXvY,Shorts,ЭТО САМЫЙ ТОКСИЧНЫЙ ЛВЛ НА ФЕЙСИТЕ В CS2 #cs2 #csgo #10lvlfaciet #faceit #токсик #shorts,2025-06-04,20496,286,14,False,60,https://www.youtube.com/shorts/K8OUQeasXvY
3cotni,3cotni,20600,fVurf33pj1o,Shorts,как ИГРАТЬ ПО РЕСПАМ на Даст2 в КС2 на Фейсите? #cs2 #10lvlfaciet #faceit #csgo #shorts,2025-04-19,19335,413,16,False,48,https://www.youtube.com/shorts/fVurf33pj1o
3cotni,3cotni,20600,eTy40tK_kZ4,Видео,5 ЛВЛ ФЕЙСИТА ЗАШЕЛ К 9 ЛВЛАМ и уничтожил их?..,2025-05-05,19300,478,160,False,928,https://www.youtube.com/watch?v=eTy40tK_kZ4
3cotni,3cotni,20600,ncjD0bBdsD0,Shorts,ПОЧЕМУ ЭТИ ЛЮДИ ИГРАЮТ НА 2500 ЭЛО В CS2? #cs2 #csgo #10lvlfaciet #токсик #shorts,2025-08-13,18303,446,14,False,55,https://www.youtube.com/shorts/ncjD0bBdsD0
3cotni,3cotni,20600,gUtgKEBmed0,Видео,ДАЮ ДЕНЬГИ ПРО-ИГРОКУ CS2 ЗА КАЖДЫЙ ФРАГ НА ФЕЙСИТЕ (теперь я нищий...),2025-10-06,17309,826,84,False,823,https://www.youtube.com/watch?v=gUtgKEBmed0
3cotni,3cotni,20600,nOi8v_Plhss,Видео,ПРО-ИГРОК УПРАВЛЯЕТ 7 ЛВЛОМ ФЕЙСИТА ВО ВРЕМЯ МАТЧА,2026-04-07,15904,624,94,False,711,https://www.youtube.com/watch?v=nOi8v_Plhss
3cotni,3cotni,20600,ml_x6mvClMI,Видео,КАК ДОРОГА К 3000 ЭЛО НА ФЕЙСИТЕ УНИЧТОЖАЕТ ИГРОКОВ В CS2,2025-12-29,15635,784,638,False,700,https://www.youtube.com/watch?v=ml_x6mvClMI
3cotni,3cotni,20600,x-erroZka94,Видео,2500 ЭЛО ПОМЕНЯЛСЯ АККАУНТОМ С 6 ЛВЛОМ ФЕЙСИТА В КС2 и это была ошибка...,2025-07-28,15460,452,108,False,766,https://www.youtube.com/watch?v=x-erroZka94
3cotni,3cotni,20600,QNGiFIiwKow,Видео,ДАЮ ДЕНЬГИ 3К ЭЛО ИГРОКУ ЗА КАЖДЫЙ ФРАГ в CS2,2025-09-09,12786,748,206,False,836,https://www.youtube.com/watch?v=QNGiFIiwKow
3cotni,3cotni,20600,2OlUCQoGTuQ,Видео,ПОЧЕМУ ОНИ НЕ МОГУТ АПНУТЬ 10 ЛВЛ НА ФЕЙСИТЕ В CS2?,2025-06-18,12575,405,308,False,847,https://www.youtube.com/watch?v=2OlUCQoGTuQ
3cotni,3cotni,20600,W3uhljTn7yU,Видео,СЫГРАЛ С 3 БЛОГЕРАМИ В ПАТИ НА ФЕЙСИТЕ ЧТОБЫ ОПРЕДЕЛИТЬ СИЛЬНЕЙШЕГО,2026-02-02,12229,707,91,False,987,https://www.youtube.com/watch?v=W3uhljTn7yU
3cotni,3cotni,20600,CvnFb5QR3qk,Shorts,10 ЛВЛ ФЕЙСИТА ЗАШЕЛ НА ПРОКЛЯТЫЙ АККАУНТ В CS2 #cs2 #csgo #10lvlfaciet #faceit #shorts,2025-06-12,10808,126,10,False,60,https://www.youtube.com/shorts/CvnFb5QR3qk
3cotni,3cotni,20600,bjsSI-2NL2E,Видео,15 ПОРАЖЕНИЙ ПОДРЯД НА FACEIT... и вот чем это закончилось,2026-05-12,9405,426,91,False,826,https://www.youtube.com/watch?v=bjsSI-2NL2E
3cotni,3cotni,20600,6d9GtcLeKU8,Shorts,5 ЛВЛ УПРАВЛЯЕТ 10 ЛВЛОМ НА ФЕЙСИТЕ В КС2 #cs2 #csgo #faceit10lvl #shorts,2025-05-14,8359,84,4,False,51,https://www.youtube.com/shorts/6d9GtcLeKU8
3cotni,3cotni,20600,Wu27E7kqJCQ,Видео,2500 ЭЛО НА ФЕЙСИТЕ — БОТЫ ИЛИ БОГИ КС2?,2025-08-06,8284,278,63,False,772,https://www.youtube.com/watch?v=Wu27E7kqJCQ
3cotni,3cotni,20600,u9ze3o0grX8,Видео,90 дней до 3000 эло на фейсите - ЭТО НЕВОЗМОЖНО?,2025-04-14,7296,240,69,False,887,https://www.youtube.com/watch?v=u9ze3o0grX8
3cotni,3cotni,20600,fW-Kor8ZIkk,Shorts,"Как понять, что ТЫ 10 ЛВЛ ФЕЙСИТА в КС2? #10lvlfaciet #csgo #cs2 #shorts",2025-04-15,7060,130,14,False,34,https://www.youtube.com/shorts/fW-Kor8ZIkk
3cotni,3cotni,20600,uPXgKp-4bDk,Видео,5 ЛВЛ ФЕЙСИТА 10 МИНУТ ПЫТАЕТСЯ ДОКАЗАТЬ ЧТО ОН НЕ БОТ в CS2,2025-05-27,6929,257,192,False,630,https://www.youtube.com/watch?v=uPXgKp-4bDk
3cotni,3cotni,20600,AhXRloEgl2E,Shorts,Я ВТРОЛИЛ ВСЕ ИГРЫ НА 10 ЛВЛЕ ФЕЙСИТА В КС2 #cs2 #csgo #10lvlfaciet #faceit #shorts,2025-07-11,6738,44,5,False,64,https://www.youtube.com/shorts/AhXRloEgl2E
3cotni,3cotni,20600,rnolMjjgCKA,Видео,24 часа МНОЙ УПРАВЛЯЕТ 5 ЛВЛ в CS2 (10 LVL Faceit),2025-05-14,6316,293,59,False,727,https://www.youtube.com/watch?v=rnolMjjgCKA
3cotni,3cotni,20600,-7XpbayZ710,Видео,НИКОГДА НЕ ИГРАЙ НА ФЕЙСИТЕ В КС2 НОЧЬЮ и вот почему…,2025-07-16,6090,338,78,False,624,https://www.youtube.com/watch?v=-7XpbayZ710
3cotni,3cotni,20600,3mY7gQAG6gU,Shorts,Я сыграл САМЫЙ ГЛУПЫЙ раунд на 10 лвл Фейсита в КС2 #cs2 #10lvlfaciet #shorts,2025-04-11,5629,46,2,False,52,https://www.youtube.com/shorts/3mY7gQAG6gU
3cotni,3cotni,20600,MwdMtEeZ3Mw,Shorts,pov: 10 лвл Фейсита #cs2 #faceit #10lvlfaciet #shorts,2025-05-02,5075,48,4,False,30,https://www.youtube.com/shorts/MwdMtEeZ3Mw
3cotni,3cotni,20600,xN2m0acHRvs,Видео,10 лвл Фейсита сыграл на ПРОКЛЯТОМ АККАУНТЕ в CS2 (2 лвл),2025-06-11,5058,208,55,False,673,https://www.youtube.com/watch?v=xN2m0acHRvs
3cotni,3cotni,20600,NPL3NK4S4sg,Shorts,это ЛУЧШАЯ ТРЕНИРОВКА АИМА в CS2 для Фейсита #cs2 #csgo #faceit #faceit10lvl,2025-04-26,4185,160,9,False,60,https://www.youtube.com/shorts/NPL3NK4S4sg
3cotni,3cotni,20600,U5NUiTpGUTg,Видео,Я ВТРОЛИЛ ВСЕ ИГРЫ НА 10 ЛВЛЕ ФЕЙСИТА В CS2 и это было прекрасно...,2025-07-09,3490,139,57,False,641,https://www.youtube.com/watch?v=U5NUiTpGUTg
3cotni,3cotni,20600,G4kkAL2NSBk,Видео,Я УДАЛИЛ CS2 РАДИ ЭТОЙ ИГРЫ. REMATCH,2025-06-30,3148,134,39,False,337,https://www.youtube.com/watch?v=G4kkAL2NSBk
3cotni,3cotni,20600,3TFgRzOcTvw,Shorts,что такое СОСТОЯНИЕ ПОТОКА в КС2? #cs2 #csgo #10lvlfaciet #shorts,2025-04-22,2705,44,4,False,53,https://www.youtube.com/shorts/3TFgRzOcTvw
3cotni,3cotni,20600,NsoXmLKKD94,Видео,90 дней до 3000 эло на фейсите - ПЕРЕИГРЫВАЙ УМОМ,2025-04-28,2650,82,24,False,899,https://www.youtube.com/watch?v=NsoXmLKKD94
3cotni,3cotni,20600,Y_uq9loKZec,Shorts,ДАЛ 5 ЛВЛУ ФЕЙСИТА АККАУНТ С 2300 ЭЛО #cs2 #csgo #faceit10lvl #shorts,2025-04-23,1458,19,2,False,60,https://www.youtube.com/shorts/Y_uq9loKZec
decemberv1bes,decemberv1bes,1150,erNNOejh9mI,Видео,5 LVL FACEIT но ИМ УПРАВЛЯЮТ 3000 ELO (cs2 FACEIT),2026-09-13,309334,3932,235,False,899,https://www.youtube.com/watch?v=erNNOejh9mI
decemberv1bes,decemberv1bes,1150,1rRI7rcpCEw,Видео,Мы ходили ТОЛЬКО на А против 2500 ELO — и вот что получилось,2026-09-25,72687,513,53,False,990,https://www.youtube.com/watch?v=1rRI7rcpCEw
decemberv1bes,decemberv1bes,1150,bxWo4jChk-Y,Видео,5 LVL FACEIT но ИМ УПРАВЛЯЕТ 3000 ELO #2 (cs2 FACEIT),2026-09-20,17236,441,63,False,2003,https://www.youtube.com/watch?v=bxWo4jChk-Y
decemberv1bes,decemberv1bes,1150,MMETYscGlzI,Видео,5 LVL FACEIT но ИМ УПРАВЛЯЕТ 3000 ELO! #3 (CS2 FACEIT),2026-09-27,9870,217,39,False,1139,https://www.youtube.com/watch?v=MMETYscGlzI
decemberv1bes,decemberv1bes,1150,OQW8VlHbs1w,Видео,Почему 99% игроков НИКОГДА не пробьется в киберспорт,2026-08-16,4333,157,55,False,711,https://www.youtube.com/watch?v=OQW8VlHbs1w
decemberv1bes,decemberv1bes,1150,IAffipodLNE,Видео,ПУТЬ в ТОП 1000 ЕВРОПЫ - ВИНСТРИК (cs2 FACEIT),2026-09-04,2634,44,5,False,1479,https://www.youtube.com/watch?v=IAffipodLNE
decemberv1bes,decemberv1bes,1150,BuTP5ax7YzE,Видео,КАК апнуть 10 LVL FACEIT? 99% игроков не знают это! (cs2 FACEIT),2026-08-20,2131,42,4,False,467,https://www.youtube.com/watch?v=BuTP5ax7YzE
decemberv1bes,decemberv1bes,1150,foDR9UU7GkQ,Shorts,twitch decemberv1bes  #csgo #cs2overpass#mirage #deko  #ксго #twitch #cs2 #donk #counterstrike,2026-08-21,1810,29,1,False,60,https://www.youtube.com/shorts/foDR9UU7GkQ
decemberv1bes,decemberv1bes,1150,DMhhIP4s3Dc,Видео,Как побеждать на MIRAGE и АПАТЬ ЭЛО вот подробный ГАЙД,2026-08-24,1406,47,6,False,731,https://www.youtube.com/watch?v=DMhhIP4s3Dc
decemberv1bes,decemberv1bes,1150,6a6Z3ZsAmZU,Shorts,twitch decemberv1bes  #csgo #cs2 #counterstrike #приколыcsgo #evelone #d0nk #10lvlfaciet  #3k,2026-08-29,1340,12,5,False,57,https://www.youtube.com/shorts/6a6Z3ZsAmZU
decemberv1bes,decemberv1bes,1150,w4N8YQyn8V4,Shorts,twitch decemberv1bes  #csgo #cs2overpass #twitch #ксго #cs2 #counterstrike #donk #gaming,2026-08-21,1217,11,3,False,38,https://www.youtube.com/shorts/w4N8YQyn8V4
decemberv1bes,decemberv1bes,1150,Oyl45lUUd34,Shorts,ГАЙД МИРАЖ ЧАСТЬ 9  #csgo #cs2overpass #twitch #ксго #cs2 #donk #mirage  #counterstrike,2026-08-24,1119,14,0,False,87,https://www.youtube.com/shorts/Oyl45lUUd34
decemberv1bes,decemberv1bes,1150,lt8q4FNQadA,Shorts,ГАЙД МИРАЖ ЧАСТЬ 8  #csgo #cs2overpass #twitch #ксго #cs2 #donk #counterstrike #mirage,2026-08-24,979,13,3,False,68,https://www.youtube.com/shorts/lt8q4FNQadA
decemberv1bes,decemberv1bes,1150,BjOCk_5did4,Shorts,tg decemebrv1bes #csgo #twitch #counterstrike #cs2 #gaming #игра #csgomoments #memes #donk,2026-08-20,897,10,0,False,57,https://www.youtube.com/shorts/BjOCk_5did4
decemberv1bes,decemberv1bes,1150,uKbbwFzj3Lo,Shorts,twitch decemberv1bes #csgo #counterstrike #standoff2,2026-08-17,852,12,0,False,21,https://www.youtube.com/shorts/uKbbwFzj3Lo
decemberv1bes,decemberv1bes,1150,o4XSyVgoFbg,Видео,ЧТО ПРОИСХОДИТ В ПРЕМЬЕРЕ В 2026 ГОДУ? (CS2),2026-10-03,803,16,12,False,1313,https://www.youtube.com/watch?v=o4XSyVgoFbg
decemberv1bes,decemberv1bes,1150,eHpS_3aKulQ,Видео,ПУТЬ в ТОП 1000 ЕВРОПЫ — ПСИХИ (CS2 FACEIT),2026-08-30,445,13,6,False,962,https://www.youtube.com/watch?v=eHpS_3aKulQ
decemberv1bes,decemberv1bes,1150,y_dXFXDR9kQ,Shorts,twitch decemberv1bes  #csgo #cs2 #приколыcsgo #counterstrike #твичстрим #csgomoments #donk,2026-09-02,358,6,0,False,67,https://www.youtube.com/shorts/y_dXFXDR9kQ
decemberv1bes,decemberv1bes,1150,vuvfo_IcGOY,Shorts,ГАЙД МИРАЖ ЧАСТЬ 4  #csgo #ксго #twitch #cs2 #cs2overpass #donk #counterstrike #mirage  #gaming,2026-08-24,333,4,0,False,92,https://www.youtube.com/shorts/vuvfo_IcGOY
decemberv1bes,decemberv1bes,1150,WdFido-Nna8,Shorts,ГАЙД МИРАЖ ЧАСТЬ 5  #csgo #cs2overpass #ксго #twitch #cs2 #donk #counterstrike #mirage,2026-08-24,323,6,0,False,81,https://www.youtube.com/shorts/WdFido-Nna8
decemberv1bes,decemberv1bes,1150,yK5fx9P5GbQ,Shorts,twitch decemberv1bes  #csgo #twitch #ксго #cs2 #cs2overpass #counterstrike #donk #funny,2026-08-21,318,4,0,False,54,https://www.youtube.com/shorts/yK5fx9P5GbQ
decemberv1bes,decemberv1bes,1150,kuisx3BHe7I,Shorts,ГАЙД МИРАЖ ЧАСТЬ 1  #csgo #twitch #cs2mirage #mirage  #ксго #cs2overpass #donk #counterstrike,2026-08-24,299,4,0,False,63,https://www.youtube.com/shorts/kuisx3BHe7I
decemberv1bes,decemberv1bes,1150,F_VD0Yaj3yg,Shorts,ГАЙД МИРАЖ ЧАСТЬ 6  #csgo #cs2overpass #twitch #ксго #cs2 #donk #counterstrike #gaming #mirage,2026-08-24,276,3,0,False,67,https://www.youtube.com/shorts/F_VD0Yaj3yg
decemberv1bes,decemberv1bes,1150,kezBOMMMUI4,Shorts,ГАЙД МИРАЖ ЧАСТЬ 3  #csgo #twitch #ксго #cs2 #cs2overpass #donk #counterstrike #mirage  #gaming,2026-08-24,272,3,0,False,63,https://www.youtube.com/shorts/kezBOMMMUI4
decemberv1bes,decemberv1bes,1150,Iga9WBHt2fw,Shorts,tg decemebrv1bes  #csgo #twitch #counterstrike #cs2 #gaming #игра  #donk #csgomoments #memes,2026-08-20,248,2,0,False,53,https://www.youtube.com/shorts/Iga9WBHt2fw
decemberv1bes,decemberv1bes,1150,ZrCx7wv4M_A,Shorts,ГАЙД МИРАЖ ЧАСТЬ 7  #csgo #cs2overpass #twitch #ксго #cs2 #donk #counterstrike #mirage,2026-08-24,230,2,0,False,100,https://www.youtube.com/shorts/ZrCx7wv4M_A
decemberv1bes,decemberv1bes,1150,r8hVPxAUpd0,Shorts,twitch decemberv1bes  #csgo #cs2 #counterstrike #приколыcsgo #twitch,2026-09-02,203,1,0,False,51,https://www.youtube.com/shorts/r8hVPxAUpd0
decemberv1bes,decemberv1bes,1150,43gico0o6-4,Shorts,ГАЙД МИРАЖ ЧАСТЬ 2  #csgo #twitch #ксго #cs2 #cs2overpass #donk #counterstrike #mirage  #gaming,2026-08-24,185,2,0,False,90,https://www.youtube.com/shorts/43gico0o6-4
decemberv1bes,decemberv1bes,1150,N8GcXi3U91c,Shorts,twitch decemberv1bes  #csgo #counterstrike #приколыcsgo #cs2 #faceit,2026-08-26,181,4,0,False,60,https://www.youtube.com/shorts/N8GcXi3U91c
decemberv1bes,decemberv1bes,1150,sr2hCToHDIo,Shorts,tg decemebrv1bes  #csgo #twitch #counterstrike #cs2 #standoff2 #gaming #игра #csgomoments,2026-08-20,152,1,0,False,50,https://www.youtube.com/shorts/sr2hCToHDIo
decemberv1bes,decemberv1bes,1150,Quldk_5sP9w,Shorts,twitch.tv/decemberv1bes,2026-08-05,13,1,0,True,37,https://www.youtube.com/shorts/Quldk_5sP9w
decemberv1bes,decemberv1bes,1150,L7_r4TrDdUA,Shorts,twitch decemberv1bes  #csgo #cs2overpass #twitch #ксго #cs2 #counterstrike #donk,2026-08-21,12,1,0,False,39,https://www.youtube.com/shorts/L7_r4TrDdUA
decemberv1bes,decemberv1bes,1150,zQ-mUFg_Ixg,Shorts,tg decemebrv1bes #csgo #cs2 #donk #m0nesy #funny #csgomoments #twitch,2026-08-20,8,1,1,False,75,https://www.youtube.com/shorts/zQ-mUFg_Ixg
decemberv1bes,decemberv1bes,1150,fkJ-cf1-jZ8,Shorts,twitch decemberv1bes  #csgo #cs2overpass #twitch #ксго #cs2 #donk #counterstrike #gaming,2026-08-21,8,0,0,False,40,https://www.youtube.com/shorts/fkJ-cf1-jZ8
decemberv1bes,decemberv1bes,1150,9WNKKqzTY6I,Shorts,tg decemebrv1bes  #csgo #twitch #counterstrike #cs2 #gaming #игра #csgomoments #games #memes,2026-08-20,6,2,0,False,64,https://www.youtube.com/shorts/9WNKKqzTY6I
DuraCS,Dura,366,IlR7N3e8r3c,Видео,С НУЛЯ ДО 3К ELO - НАЧАЛО.. CS2,2026-09-25,8740,88,27,False,767,https://www.youtube.com/watch?v=IlR7N3e8r3c
hhakuu,hhakuu,62600,gxQAM76AXKQ,Видео,Как я стал ТОП 1 FACEIT в CS 2,2026-04-29,288655,10334,519,False,1104,https://www.youtube.com/watch?v=gxQAM76AXKQ
hhakuu,hhakuu,62600,AHzTklBI7Nc,Видео,Путь в топ 100 игроков FACEIT CS 2 - ПРОТИВ ПРО ИГРОКОВ,2024-12-24,226356,5909,498,False,941,https://www.youtube.com/watch?v=AHzTklBI7Nc
hhakuu,hhakuu,62600,P2fwYrudEp4,Видео,Путь в топ 100 игроков FACEIT CS 2 - ТОКСИКИ,2024-08-27,221910,6533,785,False,700,https://www.youtube.com/watch?v=P2fwYrudEp4
hhakuu,hhakuu,62600,157i-7FWImg,Видео,30 дней играл по 10 игр в день на FACEIT в CS 2,2026-09-16,210766,5608,448,False,1937,https://www.youtube.com/watch?v=157i-7FWImg
hhakuu,hhakuu,62600,HIrOg0uw2ls,Видео,Почему ты плохо играешь в CS 2,2024-07-14,194621,7886,703,False,556,https://www.youtube.com/watch?v=HIrOg0uw2ls
hhakuu,hhakuu,62600,wUcpILdwlGY,Видео,Как поднять 10 LVL FACEIT в одиночку?,2025-05-21,187009,6224,534,False,630,https://www.youtube.com/watch?v=wUcpILdwlGY
hhakuu,hhakuu,62600,Q-zkU-TiL0o,Видео,10 дней по 10 игр в CS 2 на FACEIT,2025-07-19,176973,5627,723,False,1273,https://www.youtube.com/watch?v=Q-zkU-TiL0o
hhakuu,hhakuu,62600,ch9SFQYzuRU,Видео,Моя тренировка на 3000 ELO FACEIT в CS 2,2024-12-31,171677,7527,595,False,526,https://www.youtube.com/watch?v=ch9SFQYzuRU
hhakuu,hhakuu,62600,y4-AhmoOncE,Видео,Как поднять 10 LVL FACEIT в одиночку?,2024-05-04,149423,5001,484,False,501,https://www.youtube.com/watch?v=y4-AhmoOncE
hhakuu,hhakuu,62600,_n-88QPUugI,Видео,Как же я люблю Counter-Strike,2026-06-15,125567,6909,609,False,1115,https://www.youtube.com/watch?v=_n-88QPUugI
hhakuu,hhakuu,62600,82HbijgUgr0,Видео,Ты не стабильный игрок в CS 2,2024-07-28,122767,4404,389,False,566,https://www.youtube.com/watch?v=82HbijgUgr0
hhakuu,hhakuu,62600,YCacch20sZY,Видео,Путь в топ 100 игроков FACEIT CS 2 - СТРАХ ПОДВЕСТИ КОМАНДУ,2025-02-10,121743,4279,598,False,821,https://www.youtube.com/watch?v=YCacch20sZY
hhakuu,hhakuu,62600,5woeO265tFU,Видео,Путь в топ 100 игроков FACEIT CS 2 - ТОКСИЧНЫЙ ИГРОК,2025-02-24,113892,4348,602,False,1001,https://www.youtube.com/watch?v=5woeO265tFU
hhakuu,hhakuu,62600,mKMdys1DB3c,Видео,10 дней по 15 игр в CS 2 на FACEIT,2026-01-27,107694,5657,486,False,1707,https://www.youtube.com/watch?v=mKMdys1DB3c
hhakuu,hhakuu,62600,chEL-t9sijM,Видео,Путь в топ 100 игроков FACEIT CS 2 - АДСКИЕ ДОПЫ,2026-07-23,95627,3629,378,False,1552,https://www.youtube.com/watch?v=chEL-t9sijM
hhakuu,hhakuu,62600,By3byiWyIPI,Видео,Путь в топ 100 игроков FACEIT CS 2 - СНОВА РЕКОРД,2025-01-28,94474,3518,495,False,941,https://www.youtube.com/watch?v=By3byiWyIPI
hhakuu,hhakuu,62600,-EWbvotxyiY,Видео,Путь в топ 100 игроков FACEIT CS 2 - ИГРАЙ ДО КОНЦА,2024-11-26,94336,3477,398,False,842,https://www.youtube.com/watch?v=-EWbvotxyiY
hhakuu,hhakuu,62600,C73FKmiHmQk,Видео,Моя тренировка на 3500 ELO FACEIT в CS 2,2026-01-05,89768,4269,310,False,495,https://www.youtube.com/watch?v=C73FKmiHmQk
hhakuu,hhakuu,62600,G2Mj3GNsB7M,Видео,Путь в топ 100 игроков FACEIT CS 2 - НИКОГДА НЕ СДАВАЙСЯ,2025-01-09,86118,3945,676,False,611,https://www.youtube.com/watch?v=G2Mj3GNsB7M
hhakuu,hhakuu,62600,EP8vthYeOb4,Видео,Используй мозг в CS 2,2024-06-16,85992,4164,375,False,501,https://www.youtube.com/watch?v=EP8vthYeOb4
hhakuu,hhakuu,62600,zA2SP0dCYgI,Видео,Путь в топ 100 игроков FACEIT CS 2 - ТОКСИЧНЫЙ ДЕНЬ,2025-08-04,85746,3409,551,False,965,https://www.youtube.com/watch?v=zA2SP0dCYgI
hhakuu,hhakuu,62600,THoNGsE_uo4,Видео,Путь в топ FACEIT CS 2,2024-05-26,82806,4254,451,False,572,https://www.youtube.com/watch?v=THoNGsE_uo4
hhakuu,hhakuu,62600,oyVrKwL6B2g,Видео,Путь в топ игроков FACEIT CS 2,2024-07-20,81540,3167,407,False,664,https://www.youtube.com/watch?v=oyVrKwL6B2g
hhakuu,hhakuu,62600,L6xeiDNxH4U,Видео,Путь в топ 100 игроков FACEIT CS 2 - ТЯЖЕЛАЯ ПОБЕДА,2025-03-19,81073,3483,499,False,1202,https://www.youtube.com/watch?v=L6xeiDNxH4U
hhakuu,hhakuu,62600,gg1CDK_9MLQ,Видео,Путь в топ 100 игроков FACEIT CS 2 - БЛИЗКО К ЦЕЛИ,2025-04-13,77807,3492,512,False,1192,https://www.youtube.com/watch?v=gg1CDK_9MLQ
hhakuu,hhakuu,62600,LBpc1xIYExU,Видео,Путь в топ 100 игроков FACEIT CS 2 - ЗЛОСТЬ МОТИВИРУЕТ,2025-03-31,76615,3339,383,False,1142,https://www.youtube.com/watch?v=LBpc1xIYExU
hhakuu,hhakuu,62600,3ylBWOWyo68,Видео,Путь в топ 100 игроков FACEIT CS 2 - НЕНАВИЖУ ТАКИХ ТИММЕЙТОВ,2025-05-05,76164,3315,589,False,962,https://www.youtube.com/watch?v=3ylBWOWyo68
hhakuu,hhakuu,62600,kz8c_giciro,Видео,Путь в топ 100 игроков FACEIT CS 2 - ПОТНЫЙ МАТЧ,2025-06-16,75415,2537,372,False,1133,https://www.youtube.com/watch?v=kz8c_giciro
hhakuu,hhakuu,62600,iIXfVkuUBxk,Видео,Путь в топ 100 игроков FACEIT CS 2 - РЕШАЮЩИЙ КЛАТЧ,2025-05-31,74103,2902,377,False,957,https://www.youtube.com/watch?v=iIXfVkuUBxk
hhakuu,hhakuu,62600,uIWWQG94Irs,Видео,Путь в топ 100 игроков FACEIT CS 2 - НОВЫЙ РЕКОРД,2024-12-10,72611,3199,497,False,681,https://www.youtube.com/watch?v=uIWWQG94Irs
hhakuu,hhakuu,62600,daTydAzkfo8,Видео,Путь в топ 100 игроков FACEIT CS 2 - ИГРА ЖИЗНИ,2025-03-04,71064,2962,412,False,807,https://www.youtube.com/watch?v=daTydAzkfo8
hhakuu,hhakuu,62600,zKLW8_ak-Ng,Видео,Ради чего ты играешь в CS 2?,2024-06-02,69536,3348,485,False,579,https://www.youtube.com/watch?v=zKLW8_ak-Ng
hhakuu,hhakuu,62600,h8DsiwlDdms,Видео,Путь в топ 100 игроков FACEIT CS 2 - СЛОЖНАЯ ИГРА,2025-01-22,68943,3217,473,False,822,https://www.youtube.com/watch?v=h8DsiwlDdms
hhakuu,hhakuu,62600,H4JdIJDTfis,Видео,Путь в топ 100 игроков FACEIT CS 2 - НЕВОЗМОЖНО ПОБЕДИТЬ,2025-10-25,68622,2311,280,False,1097,https://www.youtube.com/watch?v=H4JdIJDTfis
hhakuu,hhakuu,62600,zPEKdrvWOPM,Видео,Путь в топ 100 игроков FACEIT CS 2 - РЕКОРДНЫЙ ВИНСТРИК,2025-12-24,65822,2884,430,False,1219,https://www.youtube.com/watch?v=zPEKdrvWOPM
hhakuu,hhakuu,62600,Om0BLoP1qHA,Видео,Путь в топ 100 игроков FACEIT CS 2 - РЕКОРД ЭЛО,2025-10-12,65669,2812,304,False,903,https://www.youtube.com/watch?v=Om0BLoP1qHA
hhakuu,hhakuu,62600,NHcMIUeTb4g,Видео,Путь в топ 100 игроков FACEIT CS 2 - УВЕРЕННОСТЬ В СЕБЕ,2024-09-04,61309,2879,408,False,511,https://www.youtube.com/watch?v=NHcMIUeTb4g
hhakuu,hhakuu,62600,cFmpFpPHgT4,Видео,Путь в топ игроков FACEIT CS 2,2024-06-23,57248,2918,329,False,483,https://www.youtube.com/watch?v=cFmpFpPHgT4
hhakuu,hhakuu,62600,JYtXT6YO0nA,Видео,Путь в топ 100 игроков FACEIT CS 2 - ОБИДНЫЙ ПРОМАХ,2025-04-25,56811,2462,345,False,812,https://www.youtube.com/watch?v=JYtXT6YO0nA
hhakuu,hhakuu,62600,f1ayT_1a2W0,Видео,Путь в топ 100 игроков FACEIT CS 2 - ЛУЧШАЯ КОМАНДА,2026-04-11,55789,2356,228,False,1359,https://www.youtube.com/watch?v=f1ayT_1a2W0
hhakuu,hhakuu,62600,GYKh_dCFliw,Видео,egoist??,2023-05-27,55325,745,40,False,99,https://www.youtube.com/watch?v=GYKh_dCFliw
hhakuu,hhakuu,62600,LkVY8i2zh-w,Видео,Путь в топ 100 игроков FACEIT CS 2 - РЕКОРД ФРАГОВ,2025-09-08,54420,2603,367,False,969,https://www.youtube.com/watch?v=LkVY8i2zh-w
hhakuu,hhakuu,62600,a-P7hvIiqfk,Видео,Путь в топ 100 игроков FACEIT CS 2 - СИСТЕМА 50 ПРОЦЕНТОВ,2026-03-25,54191,2248,428,False,1220,https://www.youtube.com/watch?v=a-P7hvIiqfk
hhakuu,hhakuu,62600,YFg_NME6Rw8,Видео,Путь в топ 100 игроков FACEIT CS 2 - ЭМОЦИИ,2024-11-04,52285,2921,354,False,562,https://www.youtube.com/watch?v=YFg_NME6Rw8
hhakuu,hhakuu,62600,om0N6EBxnMQ,Видео,Путь в топ 100 игроков FACEIT CS 2 - АДЕКВАТНАЯ КОМАНДА,2024-09-13,52061,2431,286,False,626,https://www.youtube.com/watch?v=om0N6EBxnMQ
hhakuu,hhakuu,62600,f_QZfXd2oGw,Видео,Мой лучший камбэк на FACEIT в CS 2,2025-12-07,50701,3097,374,False,1046,https://www.youtube.com/watch?v=f_QZfXd2oGw
hhakuu,hhakuu,62600,YLxcL3pAIWU,Видео,Путь в топ 100 игроков FACEIT CS 2 - ФОРМУЛА КАМБЭКА,2025-09-28,49330,2334,281,False,1617,https://www.youtube.com/watch?v=YLxcL3pAIWU
hhakuu,hhakuu,62600,4YWyPZt6UqQ,Видео,Путь в топ 100 игроков FACEIT CS 2 - ОБИДНОЕ ПОРАЖЕНИЕ,2024-09-23,49119,2444,397,False,622,https://www.youtube.com/watch?v=4YWyPZt6UqQ
hhakuu,hhakuu,62600,KG7L3ULvM9E,Видео,Путь в топ 100 игроков FACEIT CS 2 - Я СТАЛ ЛУЧШЕ,2025-11-07,47775,2432,248,False,905,https://www.youtube.com/watch?v=KG7L3ULvM9E
hhakuu,hhakuu,62600,h-VHPv5g5j0,Видео,Путь в топ 100 игроков FACEIT CS 2 - МОЯ ИСТОРИЯ,2024-10-14,47566,2646,324,False,577,https://www.youtube.com/watch?v=h-VHPv5g5j0
hhakuu,hhakuu,62600,RLIj5W3i6SM,Видео,Путь в топ 100 игроков FACEIT CS 2 - НЕРЕАЛЬНЫЙ КАМБЭК,2024-10-03,47095,2552,359,False,541,https://www.youtube.com/watch?v=RLIj5W3i6SM
hhakuu,hhakuu,62600,yKxf3Ue2UEs,Видео,Путь в топ 1000 игроков FACEIT CS 2 - ФИНАЛ,2024-08-11,46393,2294,428,False,582,https://www.youtube.com/watch?v=yKxf3Ue2UEs
hhakuu,hhakuu,62600,zaRtdNaQndw,Видео,Путь в топ 100 игроков FACEIT CS 2 - Я В ПОТОКЕ,2024-10-23,46283,2757,515,False,470,https://www.youtube.com/watch?v=zaRtdNaQndw
hhakuu,hhakuu,62600,kVI0xWHevHg,Видео,Путь в топ 100 игроков FACEIT CS 2 - НАЧАЛО,2024-08-19,46056,2692,445,False,457,https://www.youtube.com/watch?v=kVI0xWHevHg
hhakuu,hhakuu,62600,HbWfZiN3qI4,Видео,Путь в топ 100 игроков FACEIT CS 2 - СИЛА УВЕРЕННОСТИ,2025-08-23,44970,3085,562,False,967,https://www.youtube.com/watch?v=HbWfZiN3qI4
hhakuu,hhakuu,62600,pXjk0p9yIlA,Видео,Путь в топ 100 игроков FACEIT CS 2 - УЖАСНЫЕ ТИММЕЙТЫ,2025-11-19,44113,2216,320,False,842,https://www.youtube.com/watch?v=pXjk0p9yIlA
hhakuu,hhakuu,62600,8adObAiVj9w,Видео,Путь в топ игроков FACEIT CS 2,2024-08-04,41210,1862,271,False,497,https://www.youtube.com/watch?v=8adObAiVj9w
hhakuu,hhakuu,62600,KCI5Ui9aOvA,Видео,Никогда не сдавайся FACEIT CS 2,2026-02-16,39360,2479,211,False,931,https://www.youtube.com/watch?v=KCI5Ui9aOvA
hhakuu,hhakuu,62600,uINnVAh0YHo,Видео,Хочу стать лучше в CS 2,2024-06-08,39098,2200,366,False,514,https://www.youtube.com/watch?v=uINnVAh0YHo
hhakuu,hhakuu,62600,20MfV6YVf10,Видео,Путь в топ 100 игроков FACEIT CS 2 - МОЙ ХУДШИЙ МАТЧ,2025-07-01,38521,1642,316,False,777,https://www.youtube.com/watch?v=20MfV6YVf10
hhakuu,hhakuu,62600,AGc1A0RoHaU,Видео,Путь в топ 100 игроков FACEIT CS 2 - НОВЫЙ СЕЗОН,2024-11-14,37894,2222,288,False,541,https://www.youtube.com/watch?v=AGc1A0RoHaU
hhakuu,hhakuu,62600,jR36j8CmS2U,Видео,Моя тренировка на 10 LVL FACEIT,2024-04-12,35521,1811,149,False,207,https://www.youtube.com/watch?v=jR36j8CmS2U
hhakuu,hhakuu,62600,KuBH9ITx5tE,Видео,Путь в топ 1000 FACEIT CS 2,2024-07-06,33009,2095,303,False,451,https://www.youtube.com/watch?v=KuBH9ITx5tE
hhakuu,hhakuu,62600,c9d_rnMebSQ,Видео,Никогда не сдавайся CS 2,2024-06-29,30642,2001,340,False,520,https://www.youtube.com/watch?v=c9d_rnMebSQ
hhakuu,hhakuu,62600,z67yJ1QBYEc,Видео,Путь в топ 100 игроков FACEIT CS 2 - ПЕРЕРОЖДЕНИЕ,2026-03-05,28756,2407,360,False,713,https://www.youtube.com/watch?v=z67yJ1QBYEc
hhakuu,hhakuu,62600,fxVAmjdQkvg,Видео,Razer DeathAdder Essential for CS GO | DM 3000 ELO,2022-10-15,20786,179,56,False,116,https://www.youtube.com/watch?v=fxVAmjdQkvg
hhakuu,hhakuu,62600,-YO6YFYLFYo,Shorts,эйс против алкашей,2024-03-23,16669,400,16,False,19,https://www.youtube.com/shorts/-YO6YFYLFYo
hhakuu,hhakuu,62600,KtOkyUeQ9so,Видео,Razer DeathAdder Essential for CS GO | Moment 3000 ELO,2022-12-14,16042,150,26,False,35,https://www.youtube.com/watch?v=KtOkyUeQ9so
hhakuu,hhakuu,62600,KVSmdfRtIts,Shorts,#shorts awp lego,2023-09-13,15152,254,10,False,9,https://www.youtube.com/shorts/KVSmdfRtIts
hhakuu,hhakuu,62600,L7OXosEAE8s,Видео,1280 x 960 resolution cs2,2024-04-19,9869,198,22,False,91,https://www.youtube.com/watch?v=L7OXosEAE8s
hhakuu,hhakuu,62600,ntCNLWZ3DJ0,Видео,Logitech G305 LIGHTSPEED for CS GO,2022-12-27,9700,97,13,False,139,https://www.youtube.com/watch?v=ntCNLWZ3DJ0
hhakuu,hhakuu,62600,zoUpU9t1TfM,Видео,1024x768 cs go,2023-03-26,9072,174,31,False,198,https://www.youtube.com/watch?v=zoUpU9t1TfM
hhakuu,hhakuu,62600,Nx7821aBMcU,Видео,144hz cs2,2023-10-06,7941,198,70,False,111,https://www.youtube.com/watch?v=Nx7821aBMcU
hhakuu,hhakuu,62600,R6XpWyS-rrk,Видео,0.3 SENS 3200 DPI CS2,2024-02-28,7663,137,38,False,121,https://www.youtube.com/watch?v=R6XpWyS-rrk
hhakuu,hhakuu,62600,uHoJUpoUnQ4,Shorts,Личный рекорд в игре aim lab #shorts,2023-02-19,7163,200,18,False,30,https://www.youtube.com/shorts/uHoJUpoUnQ4
hhakuu,hhakuu,62600,02Pvmwf6ySQ,Shorts,#shors Раскрутился,2023-09-17,6980,132,7,False,7,https://www.youtube.com/shorts/02Pvmwf6ySQ
hhakuu,hhakuu,62600,xDw691hOoPc,Видео,3000elo.cfg cs2,2024-01-16,6101,137,30,False,119,https://www.youtube.com/watch?v=xDw691hOoPc
hhakuu,hhakuu,62600,fublwb3t17A,Видео,400 DPI 2.4 SENS FOREVER,2023-06-01,5300,114,28,False,170,https://www.youtube.com/watch?v=fublwb3t17A
hhakuu,hhakuu,62600,9yrOstJJpaI,Видео,egoist.cfg cs2,2023-10-04,5149,77,10,False,99,https://www.youtube.com/watch?v=9yrOstJJpaI
hhakuu,hhakuu,62600,luaZdpo0-Qs,Видео,144hz 2024 cs2,2024-03-19,5089,120,18,False,115,https://www.youtube.com/watch?v=luaZdpo0-Qs
hhakuu,hhakuu,62600,1K0E-mQmWig,Видео,400fps🚀,2023-02-20,4929,114,20,False,198,https://www.youtube.com/watch?v=1K0E-mQmWig
hhakuu,hhakuu,62600,TnBvdumu7XE,Видео,red.cfg cs2,2023-10-17,4915,149,57,False,116,https://www.youtube.com/watch?v=TnBvdumu7XE
hhakuu,hhakuu,62600,xJE3rfU5rVA,Видео,Razer Orochi V2 for CS GO,2023-01-08,4779,35,5,False,20,https://www.youtube.com/watch?v=xJE3rfU5rVA
hhakuu,hhakuu,62600,_2qCik8ufHM,Видео,egoist.cfg,2023-02-27,4677,103,15,False,182,https://www.youtube.com/watch?v=_2qCik8ufHM
hhakuu,hhakuu,62600,TX78NznO4Zo,Видео,hello counter strike 2,2023-09-29,4516,71,26,False,75,https://www.youtube.com/watch?v=TX78NznO4Zo
hhakuu,hhakuu,62600,OcEyBGN6G3U,Видео,monster.cfg cs2,2023-10-10,4189,124,52,False,98,https://www.youtube.com/watch?v=OcEyBGN6G3U
hhakuu,hhakuu,62600,bhoEaZFhwkg,Видео,egoist.mp4,2023-05-12,4114,88,11,False,70,https://www.youtube.com/watch?v=bhoEaZFhwkg
hhakuu,hhakuu,62600,pwfliMkC4uk,Видео,Destroying.cfg cs2,2024-01-22,4035,84,16,False,100,https://www.youtube.com/watch?v=pwfliMkC4uk
hhakuu,hhakuu,62600,jVkL2qHm7TE,Видео,1024 x 768 cs2,2023-10-02,4012,51,9,False,107,https://www.youtube.com/watch?v=jVkL2qHm7TE
hhakuu,hhakuu,62600,gEEj5Y8XJoc,Видео,depression.cfg cs2,2024-03-09,3888,62,14,False,125,https://www.youtube.com/watch?v=gEEj5Y8XJoc
hhakuu,hhakuu,62600,E4bcniRQW64,Видео,Garou.cfg CS GO,2023-04-18,3815,79,13,False,163,https://www.youtube.com/watch?v=E4bcniRQW64
hhakuu,hhakuu,62600,0VaiucPbKWM,Видео,agressive.cfg cs2,2023-10-26,3635,85,26,False,89,https://www.youtube.com/watch?v=0VaiucPbKWM
hhakuu,hhakuu,62600,itMJCvKJI9c,Видео,5 патронов хватает,2023-01-19,3612,62,4,False,24,https://www.youtube.com/watch?v=itMJCvKJI9c
hhakuu,hhakuu,62600,vRIg8e8SIxQ,Видео,3000elo.cfg,2023-03-07,3491,101,9,False,224,https://www.youtube.com/watch?v=vRIg8e8SIxQ
hhakuu,hhakuu,62600,aQhIeorrjuQ,Видео,400 DPI 2.4 SENS FOREVER cs2,2023-12-17,3309,72,10,False,120,https://www.youtube.com/watch?v=aQhIeorrjuQ
hhakuu,hhakuu,62600,fBjSYoLuRjE,Видео,144hz cs2,2024-01-01,3153,75,26,False,85,https://www.youtube.com/watch?v=fBjSYoLuRjE
hhakuu,hhakuu,62600,6qamZkusRaQ,Видео,1280x960 RES 144hz,2023-02-22,2957,57,12,False,173,https://www.youtube.com/watch?v=6qamZkusRaQ
hhakuu,hhakuu,62600,8o5au1_ju_Q,Видео,144hz cs go,2023-02-28,2824,67,12,False,138,https://www.youtube.com/watch?v=8o5au1_ju_Q
hhakuu,hhakuu,62600,KjPKZ9OSdcc,Видео,m0nesy.cfg,2023-09-23,2775,45,6,False,231,https://www.youtube.com/watch?v=KjPKZ9OSdcc
hhakuu,hhakuu,62600,IqDy0tCbSWc,Видео,noob.cfg cs go,2023-04-22,2691,60,22,False,89,https://www.youtube.com/watch?v=IqDy0tCbSWc
hhakuu,hhakuu,62600,ww5ADnGRuOc,Видео,HyperX Pulsefire CORE for CS GO | DM 3000 ELO,2022-12-14,2581,34,19,False,183,https://www.youtube.com/watch?v=ww5ADnGRuOc
hhakuu,hhakuu,62600,r_3vrFlptFU,Видео,НЕ ПУШТЕ РЕБЯТА,2023-02-05,2561,47,7,False,26,https://www.youtube.com/watch?v=r_3vrFlptFU
hhakuu,hhakuu,62600,ug4H996SuHc,Видео,КТО ИГРАЕТ В ММ В 2023,2023-02-04,2537,41,4,False,14,https://www.youtube.com/watch?v=ug4H996SuHc
hhakuu,hhakuu,62600,mzep8d3AMT8,Видео,Это вам не SOURCE 2 :),2023-03-13,2304,62,25,False,226,https://www.youtube.com/watch?v=mzep8d3AMT8
hhakuu,hhakuu,62600,NRJhG8_mPC4,Видео,играю против KaiR0N- из Virtus.pro,2023-04-15,2146,55,22,False,130,https://www.youtube.com/watch?v=NRJhG8_mPC4
hhakuu,hhakuu,62600,NgVq8YPqJ6M,Видео,shadowraze cs go,2023-03-11,2102,71,13,False,137,https://www.youtube.com/watch?v=NgVq8YPqJ6M
hhakuu,hhakuu,62600,Cthir_YYvVQ,Видео,внутри меня живет монстр cs go,2023-04-06,2061,57,6,False,41,https://www.youtube.com/watch?v=Cthir_YYvVQ
hhakuu,hhakuu,62600,zjmReSqR_hc,Видео,300fps cs2,2024-01-10,2046,53,17,False,152,https://www.youtube.com/watch?v=zjmReSqR_hc
hhakuu,hhakuu,62600,yoG4HKtHeLw,Видео,Уничтожаю FACEIT И MM CS GO!,2023-04-11,2027,56,13,False,220,https://www.youtube.com/watch?v=yoG4HKtHeLw
hhakuu,hhakuu,62600,-oaVU5HwJeE,Видео,not egoist,2023-05-17,1863,46,7,False,101,https://www.youtube.com/watch?v=-oaVU5HwJeE
hhakuu,hhakuu,62600,96hf2D07HT8,Видео,itachi.cfg,2023-03-20,1832,55,15,False,182,https://www.youtube.com/watch?v=96hf2D07HT8
hhakuu,hhakuu,62600,dSkVhU9sGwg,Видео,egoist inside cs go,2023-03-31,1717,36,5,False,17,https://www.youtube.com/watch?v=dSkVhU9sGwg
hhakuu,hhakuu,62600,pYzNfi1fnSI,Видео,300 fps cs go,2023-06-11,1684,43,13,False,120,https://www.youtube.com/watch?v=pYzNfi1fnSI
hhakuu,hhakuu,62600,9dElfCtugZQ,Видео,pink.cfg,2023-09-02,1684,45,3,False,121,https://www.youtube.com/watch?v=9dElfCtugZQ
hhakuu,hhakuu,62600,fSWs5Gus2NE,Видео,deadinside.cfg cs go,2023-04-24,1659,40,2,False,215,https://www.youtube.com/watch?v=fSWs5Gus2NE
hhakuu,hhakuu,62600,fevNAatDmqA,Видео,egoist.cfg,2023-05-08,1521,35,6,False,164,https://www.youtube.com/watch?v=fevNAatDmqA
hhakuu,hhakuu,62600,cdwGIDnO63Q,Видео,anime = skill,2023-04-03,1407,32,3,False,178,https://www.youtube.com/watch?v=cdwGIDnO63Q
hhakuu,hhakuu,62600,gHpoiqxOz20,Видео,aggression.cfg,2023-05-20,1392,37,10,False,98,https://www.youtube.com/watch?v=gHpoiqxOz20
hhakuu,hhakuu,62600,ocHiivgjSKo,Видео,anime.cfg ft. fANDER,2023-04-13,1303,41,13,False,99,https://www.youtube.com/watch?v=ocHiivgjSKo
hhakuu,hhakuu,62600,PmBKM3V-FEo,Видео,awp chill,2023-03-10,1255,45,6,False,82,https://www.youtube.com/watch?v=PmBKM3V-FEo
kingsteping,step,7220,ZkrRDrsiQAk,Видео,СЫГРАЛ ТОЛЬКО с ДИГЛОМ НА FACEIT 3.500 ELO в CS2,2026-08-08,411281,7190,247,False,1312,https://www.youtube.com/watch?v=ZkrRDrsiQAk
kingsteping,step,7220,QogMCk9wol0,Видео,СЫГРАЛ ТОЛЬКО с SSG 08 НА FACEIT 3.500 ELO в CS2,2026-09-09,290454,3914,146,False,1788,https://www.youtube.com/watch?v=QogMCk9wol0
kingsteping,step,7220,bXfzT6c04H4,Видео,СЫГРАЛ ПРОТИВ САМЫХ ПОПУЛЯРНЫХ СТРИМЕРОВ ПО CS2,2026-05-29,230610,7988,338,False,1876,https://www.youtube.com/watch?v=bXfzT6c04H4
kingsteping,step,7220,T6Fyh-Xg8kY,Видео,АПНУЛ 3500 ELO ТОЛЬКО c АУГОМ НА FACEIT CS2,2026-09-26,50450,1072,75,False,1683,https://www.youtube.com/watch?v=T6Fyh-Xg8kY
kingsteping,step,7220,oyh-0HmeAe4,Видео,ПРИТВОРИЛСЯ ЧИТЕРОМ НА 1 LVL FACEIT В CS2,2026-06-15,49064,1414,84,False,1191,https://www.youtube.com/watch?v=oyh-0HmeAe4
kingsteping,step,7220,F-HuSRkTH-g,Видео,СЫГРАЛ ПРОТИВ САМЫХ ПОПУЛЯРНЫХ СТРИМЕРОВ ПО CS2 (2 ЧАСТЬ),2026-09-02,49035,886,40,False,1375,https://www.youtube.com/watch?v=F-HuSRkTH-g
kingsteping,step,7220,vYemeKvUXFI,Видео,ЧТО ЕСЛИ СЫГРАТЬ НА КАЖДОМ РЕГИОНЕ В CS2,2026-06-07,10932,530,65,False,1259,https://www.youtube.com/watch?v=vYemeKvUXFI
kingsteping,step,7220,yg6cfwyimX4,Видео,ПОЗВАЛ СТАНДОФФЕРОВ НА 3000 ELO В CS2,2026-06-26,9734,359,33,False,931,https://www.youtube.com/watch?v=yg6cfwyimX4
kingsteping,step,7220,8vccH0i2_P8,Видео,ПУТЬ В ТОП 1000 FACEIT - РУИНЕРЫ В CS2,2026-07-03,9463,466,21,False,850,https://www.youtube.com/watch?v=8vccH0i2_P8
lazwyy_31,lazwyy ,384,aD2lxZyLRzo,Видео,7 ДНЕЙ ТРЕНИРОВАЛ ПРЕФАЕР КАРТЫ... ( ИГРА С КОУЧЕМ) в CS2,2026-05-31,15449,512,78,False,1581,https://www.youtube.com/watch?v=aD2lxZyLRzo
lazwyy_31,lazwyy ,384,HIfAodoeLcs,Видео,7 ДНЕЙ С DEAGLE... (ИГРА ЖИЗНИ) в CS2,2026-05-10,11653,421,119,False,1361,https://www.youtube.com/watch?v=HIfAodoeLcs
lazwyy_31,lazwyy ,384,10BkPgvG3iQ,Видео,7 ДНЕЙ играл ТОЛЬКО С МУХОЙ НА FACEIT... в CS2,2026-07-12,6846,150,31,False,1022,https://www.youtube.com/watch?v=10BkPgvG3iQ
lazwyy_31,lazwyy ,384,XT8wIr3MnYs,Видео,Я ПОТРАТИЛ 7 ДНЕЙ НА ИЗУЧЕНИЕ КАРТ В CS2.... (реально),2026-06-21,5651,149,41,False,992,https://www.youtube.com/watch?v=XT8wIr3MnYs
lazwyy_31,lazwyy ,384,3FeObeEeaxY,Видео,Я *ТАЙНО* Затроллил ДРУГА в своей КАЛИБРОВКЕ НА 2.500 ELO ( CS2 FACEIT ),2026-09-22,3783,22,7,False,2037,https://www.youtube.com/watch?v=3FeObeEeaxY
lazwyy_31,lazwyy ,384,WPxwzIAytfQ,Видео,"ПОВТОРИЛ стиль ВСЕХ популярных блогеров в CS2, НО (Эксперимент №1)",2026-08-25,1277,24,7,False,2189,https://www.youtube.com/watch?v=WPxwzIAytfQ
lazwyy_31,lazwyy ,384,TAjsLvkCr2Q,Видео,С 1500 до 2000 ELO за 100 МАТЧЕЙ - НАЧАЛО    (FACEIT CS2),2026-03-13,906,36,14,False,879,https://www.youtube.com/watch?v=TAjsLvkCr2Q
lazwyy_31,lazwyy ,384,LiHPTzEZKXM,Видео,С 1500 до 2000 ELO за 100 МАТЧЕЙ - ХУДШАЯ ИГРА (FACEIT CS2),2026-03-27,600,24,6,False,747,https://www.youtube.com/watch?v=LiHPTzEZKXM
lazwyy_31,lazwyy ,384,9viOB8-5RX4,Видео,С 1500 до 2000 ELO за 100 МАТЧЕЙ - ЗАСТРЯЛ (FACEIT CS2),2026-04-10,210,12,1,False,955,https://www.youtube.com/watch?v=9viOB8-5RX4
lilnise_fam,Лилнайс cs2,104,ZMnDsWit0-A,Shorts,СВЕРНУЛАСЬ ИГРА В НУЖНЫЙ МОМЕНТ?! #cs2 #кс2,2026-07-05,21602,165,2,False,31,https://www.youtube.com/shorts/ZMnDsWit0-A
lilnise_fam,Лилнайс cs2,104,YJK4Gy8cONY,Видео,ЭТО ТОЧНО 2500 ELO FACEIT?,2026-09-29,12267,57,34,False,888,https://www.youtube.com/watch?v=YJK4Gy8cONY
lilnise_fam,Лилнайс cs2,104,yTqfp4piGiE,Shorts,когда 10к часов в кс 2 #кс2 #cs2,2026-05-24,5700,102,4,False,28,https://www.youtube.com/shorts/yTqfp4piGiE
lilnise_fam,Лилнайс cs2,104,PeOT5ja3QMg,Видео,С НУЛЯ ДО 3К ELO - СУМАШЕДШИЕ КОЛЫ (CS2 FACEIT),2026-08-23,4443,31,3,False,1087,https://www.youtube.com/watch?v=PeOT5ja3QMg
lilnise_fam,Лилнайс cs2,104,miJsxYuyndI,Shorts,как ОН НЕ ПОПАЛ с авика!?,2026-09-13,3945,22,0,False,20,https://www.youtube.com/shorts/miJsxYuyndI
lilnise_fam,Лилнайс cs2,104,tZyaKvcb7q4,Shorts,как ОН УГАДАЛ что я улыбаюсь?!,2026-09-20,3929,46,0,False,36,https://www.youtube.com/shorts/tZyaKvcb7q4
lilnise_fam,Лилнайс cs2,104,LP1CUmNBIZA,Shorts,показывает кино на фейсите!!!,2026-09-27,3799,75,0,False,48,https://www.youtube.com/shorts/LP1CUmNBIZA
lilnise_fam,Лилнайс cs2,104,4OYPDfSzymg,Shorts,они перебрались из танков сюда! #кс2 #cs2,2026-08-04,3729,17,4,False,15,https://www.youtube.com/shorts/4OYPDfSzymg
lilnise_fam,Лилнайс cs2,104,yqesOlVZGWs,Видео,С НУЛЯ ДО 3К ELO - ДИКИЕ ЧСВ-шники (CS2 FACEIT),2026-09-07,3445,24,8,False,588,https://www.youtube.com/watch?v=yqesOlVZGWs
lilnise_fam,Лилнайс cs2,104,b3QaHOpZaDg,Shorts,как можно так стрелять?! #кс2 #cs2,2026-05-20,3152,18,0,False,21,https://www.youtube.com/shorts/b3QaHOpZaDg
lilnise_fam,Лилнайс cs2,104,jX-FwejLUdM,Shorts,пов: биба и боба #кс2 #cs2,2026-05-27,3023,4,0,False,23,https://www.youtube.com/shorts/jX-FwejLUdM
lilnise_fam,Лилнайс cs2,104,UdvIazYxtPw,Shorts,О - ОБЩИТЕЛЬНАЯ КОМАНДА В КС 2 #кс2 #cs2,2026-07-15,2993,10,1,False,14,https://www.youtube.com/shorts/UdvIazYxtPw
lilnise_fam,Лилнайс cs2,104,Qh2UYjlevcg,Видео,С НУЛЯ ДО 3К ELO - ЛАСТ ИГРА ДО 2400 (CS2 FACEIT),2026-09-01,2529,9,14,False,675,https://www.youtube.com/watch?v=Qh2UYjlevcg
lilnise_fam,Лилнайс cs2,104,hp9jNfXosPg,Shorts,дебустерское оружие в кс 2 #кс2 #cs2,2026-09-06,2490,22,2,False,17,https://www.youtube.com/shorts/hp9jNfXosPg
lilnise_fam,Лилнайс cs2,104,MGeJhdTqgoc,Shorts,УВАЖАЮТ ДАЖЕ ВРАГИ #кс2 #cs2,2026-05-30,2261,20,0,False,38,https://www.youtube.com/shorts/MGeJhdTqgoc
lilnise_fam,Лилнайс cs2,104,qUZVsggGSLE,Shorts,НОРМ ДАЮ ИНФУ ? #cs2 #кс2,2026-03-14,1972,4,2,False,19,https://www.youtube.com/shorts/qUZVsggGSLE
lilnise_fam,Лилнайс cs2,104,nQ0wZPqYYnk,Shorts,КРУТО ЗАШИЛ В СМОК?! #cs2 #кс2,2026-07-22,1962,6,0,False,16,https://www.youtube.com/shorts/nQ0wZPqYYnk
lilnise_fam,Лилнайс cs2,104,2DSAlLqzSD8,Shorts,мемы в кс 2 часть 1 #cs2 #кс2 #кс,2026-06-14,1871,4,0,False,9,https://www.youtube.com/shorts/2DSAlLqzSD8
lilnise_fam,Лилнайс cs2,104,_laL88al4F0,Shorts,как я не горел в молике? #кс2 #cs2,2026-05-18,1860,16,0,False,36,https://www.youtube.com/shorts/_laL88al4F0
lilnise_fam,Лилнайс cs2,104,4nrD60gwilY,Видео,ДОРОГА ДО 10 LVL FACEIT - 3400 ELO АНИМЕШНИК РУИНИТ ИГРУ (CS2),2026-04-13,1834,26,23,False,1374,https://www.youtube.com/watch?v=4nrD60gwilY
lilnise_fam,Лилнайс cs2,104,o_X1_2-0P7E,Shorts,А У ВАС ТАКЖЕ В КАТКЕ?! #cs2 #кс2 #cs,2026-04-30,1572,11,0,False,32,https://www.youtube.com/shorts/o_X1_2-0P7E
lilnise_fam,Лилнайс cs2,104,I1T4aswFqh0,Shorts,НОРМ ГРАНАТУ ЗАКИНУЛ? #кс2 #cs2 #кс,2026-04-17,1572,18,4,False,23,https://www.youtube.com/shorts/I1T4aswFqh0
lilnise_fam,Лилнайс cs2,104,Mf1Q3AknhDQ,Shorts,у него нечеловеческая реакция!!! #кс2 #cs2 #кс,2026-10-01,1512,20,5,False,40,https://www.youtube.com/shorts/Mf1Q3AknhDQ
lilnise_fam,Лилнайс cs2,104,SfEmpTT8A6c,Shorts,pov: позвонили во время катки! #кс2 #cs2,2026-09-02,1502,25,1,False,25,https://www.youtube.com/shorts/SfEmpTT8A6c
lilnise_fam,Лилнайс cs2,104,4SDLOz_C_9o,Shorts,КНОПКА ВИНДОВС ГЛАВНЫЙ ВРАГ КС-ера #кс2 #cs2,2026-06-02,1479,8,1,False,34,https://www.youtube.com/shorts/4SDLOz_C_9o
lilnise_fam,Лилнайс cs2,104,KvQjFxz2YkU,Shorts,"всех пропустил, но не отпустил! #кс2 #cs2 #кс",2026-06-11,1441,7,0,False,50,https://www.youtube.com/shorts/KvQjFxz2YkU
lilnise_fam,Лилнайс cs2,104,KLRr6tqIzUU,Shorts,КОГДА ПЕРЕИГРАЛ В КС-ку #cs2 #кс2 #кс,2026-03-31,1401,11,0,False,30,https://www.youtube.com/shorts/KLRr6tqIzUU
lilnise_fam,Лилнайс cs2,104,Th6-7-PIq6I,Shorts,вот НОВАЯ КАЛИБРОВКА на Faceit #cs2 #кс2,2026-08-06,1319,6,3,False,58,https://www.youtube.com/shorts/Th6-7-PIq6I
lilnise_fam,Лилнайс cs2,104,NTyTLjm2yww,Видео,С НУЛЯ ДО 3К ELO - ТОКСИЧНОЕ ПАТИ (CS2 FACEIT),2026-07-20,1309,15,5,False,775,https://www.youtube.com/watch?v=NTyTLjm2yww
lilnise_fam,Лилнайс cs2,104,rUiKgu-oSrw,Shorts,если у тебя не летит... #кс2 #faceit,2026-08-27,1302,16,0,False,56,https://www.youtube.com/shorts/rUiKgu-oSrw
lilnise_fam,Лилнайс cs2,104,1LU5FbNMVyE,Shorts,ХОЧУ ТАК КАЖДУЮ КАТКУ! #cs2 #shorts,2026-05-03,1232,6,0,False,29,https://www.youtube.com/shorts/1LU5FbNMVyE
lilnise_fam,Лилнайс cs2,104,ynFIjde-kA8,Видео,ЭТО ТОЧНО 2400 ELO FACEIT?,2026-10-02,1222,13,5,False,650,https://www.youtube.com/watch?v=ynFIjde-kA8
lilnise_fam,Лилнайс cs2,104,855d3Kg1Oes,Shorts,КАК ИГРАЕТ С АВИКОМ 8 LVL FACEIT #cs2 #кс2,2026-03-22,1171,6,0,False,59,https://www.youtube.com/shorts/855d3Kg1Oes
lilnise_fam,Лилнайс cs2,104,El1GmLKicbQ,Видео,Заказал бесплатную E-GIRL в CS2,2026-04-18,1166,7,4,False,1531,https://www.youtube.com/watch?v=El1GmLKicbQ
lilnise_fam,Лилнайс cs2,104,IfOmfNqXvyo,Shorts,ЛУЧШИЙ КОЛ НА ФЕЙСИТЕ! #cs2 #cs #кс2,2026-07-09,1117,12,0,False,55,https://www.youtube.com/shorts/IfOmfNqXvyo
lilnise_fam,Лилнайс cs2,104,XAXjzYTboZI,Видео,"С НУЛЯ ДО 3К ELO - ПЕРЕШЁЛ НА ДРУГОЕ РАСПОЛОЖЕНИЕ РУК, И ПОЖАЛЕЛ? (CS2 FACEIT)",2026-09-16,1114,9,2,False,828,https://www.youtube.com/watch?v=XAXjzYTboZI
lilnise_fam,Лилнайс cs2,104,iB-vREfET2Q,Shorts,ЭТО ДЕФОЛТ ИЛИ ШАРА? #cs2 #кс2,2026-04-08,1084,8,0,False,41,https://www.youtube.com/shorts/iB-vREfET2Q
lilnise_fam,Лилнайс cs2,104,8oIBUxOM5Ws,Shorts,ауг мета кс2 #кс2 #cs2,2026-08-21,1020,8,0,False,43,https://www.youtube.com/shorts/8oIBUxOM5Ws
lilnise_fam,Лилнайс cs2,104,FqQCUavaH-Y,Shorts,Раз в год и дигл стреляет #cs2 #кс2 #ксго,2026-08-13,988,14,1,False,53,https://www.youtube.com/shorts/FqQCUavaH-Y
lilnise_fam,Лилнайс cs2,104,7JQ5vVPeHpU,Видео,Я НАУЧУ ТЕБЯ КАМБЕКАТЬ В CS2 (на примере своей игры),2026-05-31,841,25,14,False,962,https://www.youtube.com/watch?v=7JQ5vVPeHpU
lilnise_fam,Лилнайс cs2,104,Rhh1n_NhGp8,Видео,С НУЛЯ ДО 10 LVL - НЕ БОЙСЯ ИГРАТЬ СТАКОМ (CS2 FACEIT),2026-03-25,758,14,8,False,1277,https://www.youtube.com/watch?v=Rhh1n_NhGp8
lilnise_fam,Лилнайс cs2,104,LT3BAPFTk7Q,Видео,МОИ ПРИКЛЮЧЕНИЯ В ПАБЛИКАХ - СМЕШНЫЕ ТИММЕЙТЫ (CS2),2026-03-12,730,12,14,False,1141,https://www.youtube.com/watch?v=LT3BAPFTk7Q
lilnise_fam,Лилнайс cs2,104,XbW-Gov0zX8,Видео,10 ЛВЛ FACEIT ЖДИ МЕНЯ! мне осталось чуть-чуть (CS2),2026-06-23,593,11,8,False,829,https://www.youtube.com/watch?v=XbW-Gov0zX8
lilnise_fam,Лилнайс cs2,104,xgWl-Ddcnbc,Видео,МОИ ПРИКЛЮЧЕНИЯ В ПАБЛИКАХ - СКРЫТЫЙ ПУЛ СУЩЕСТВУЕТ (CS2),2026-03-18,538,8,7,False,1423,https://www.youtube.com/watch?v=xgWl-Ddcnbc
lilnise_fam,Лилнайс cs2,104,Q-mBDtboYzg,Видео,С НУЛЯ ДО 3К ELO - МОЛЧУНЫ (CS2 FACEIT),2026-08-28,512,4,1,False,661,https://www.youtube.com/watch?v=Q-mBDtboYzg
lilnise_fam,Лилнайс cs2,104,pnGOR6aio0g,Видео,Лучшая Тактика для ПОБЕД на ФЕЙСИТЕ (CS2),2026-06-09,506,11,4,False,1045,https://www.youtube.com/watch?v=pnGOR6aio0g
lilnise_fam,Лилнайс cs2,104,khmg4ogopYs,Shorts,БЕСИТ КОГДА КРАДУТ ЭЙС! #cs2 #кс2 #кс,2026-06-25,502,3,0,False,35,https://www.youtube.com/shorts/khmg4ogopYs
lilnise_fam,Лилнайс cs2,104,ruywPu4t_LU,Видео,С НУЛЯ ДО 3К ELO - ЭТА КАРТА СВОДИТ МЕНЯ С УМА (CS2 FACEIT),2026-09-22,446,4,0,False,626,https://www.youtube.com/watch?v=ruywPu4t_LU
lilnise_fam,Лилнайс cs2,104,z213zMHAmRw,Видео,ПРОВЕЛА ТРОЛЛИНГ ИГРОКОВ на ДУЭЛЯХ в CS2,2026-04-04,432,10,0,True,1174,https://www.youtube.com/watch?v=z213zMHAmRw
lilnise_fam,Лилнайс cs2,104,49WBQgEhVqk,Видео,С НУЛЯ ДО 10 LVL - ВНЕДРИЛСЯ К 10-КАМ (CS2 FACEIT),2026-03-05,381,6,0,False,880,https://www.youtube.com/watch?v=49WBQgEhVqk
lilnise_fam,Лилнайс cs2,104,I7eclPgKJ3A,Видео,С НУЛЯ ДО 3К ELO - ЭТО ТИЛЬТ (CS2 FACEIT),2026-09-13,362,3,0,False,728,https://www.youtube.com/watch?v=I7eclPgKJ3A
lilnise_fam,Лилнайс cs2,104,79lAgyTkGw4,Видео,С НУЛЯ ДО 3К ELO - ФИНАЛ КАЛИБРОВКИ (CS2 FACEIT),2026-08-10,349,8,4,False,786,https://www.youtube.com/watch?v=79lAgyTkGw4
lilnise_fam,Лилнайс cs2,104,lSKoOeR0sfY,Видео,С НУЛЯ ДО 3К ELO - ХОРОШИЕ ТИММЕЙТЫ (CS2 FACEIT),2026-08-17,339,4,11,False,926,https://www.youtube.com/watch?v=lSKoOeR0sfY
lilnise_fam,Лилнайс cs2,104,bH0iQfx7KaU,Видео,С НУЛЯ ДО 3К ELO - МАКСИМАЛЬНЫЙ РУИНЕР (CS2 FACEIT),2026-09-10,302,7,4,False,776,https://www.youtube.com/watch?v=bH0iQfx7KaU
lilnise_fam,Лилнайс cs2,104,MFaZGleizyM,Видео,Я НЕНАВИЖУ ANUBIS НА FACEIT В CS 2,2026-05-08,265,4,2,False,1326,https://www.youtube.com/watch?v=MFaZGleizyM
lilnise_fam,Лилнайс cs2,104,WSqKyCmIO6M,Видео,КАК СДЕЛАТЬ КРАСИВЫЕ И УДОБНЫЕ РУКИ В КС 2 (2026),2024-07-14,226,6,0,False,239,https://www.youtube.com/watch?v=WSqKyCmIO6M
lilnise_fam,Лилнайс cs2,104,dFfagL0Cr4U,Видео,ДОРОГА ДО 10 LVL FACEIT - ЗАСТРЯЛ НА 8 LVL (CS2),2026-04-25,198,5,0,False,1192,https://www.youtube.com/watch?v=dFfagL0Cr4U
lilnise_fam,Лилнайс cs2,104,7HjrxmhJmHY,Видео,Вот Ради Чего Я Захожу в Кс 2 (CS 2),2024-06-09,176,7,6,False,728,https://www.youtube.com/watch?v=7HjrxmhJmHY
lilnise_fam,Лилнайс cs2,104,Hn3yQZWNJJg,Видео,Всратый Кс 2,2026-07-10,133,3,2,False,667,https://www.youtube.com/watch?v=Hn3yQZWNJJg
lilnise_fam,Лилнайс cs2,104,LmDXSAVFe6M,Видео,ПОЧЕМУ У КСЕРОВ НЕТ ДЕВУШКИ!? (CS2),2026-06-29,122,4,6,False,936,https://www.youtube.com/watch?v=LmDXSAVFe6M
lilnise_fam,Лилнайс cs2,104,j2rc6RZ5JOU,Видео,С НУЛЯ ДО 10 LVL - МОЛОДАЯ КОМАНДА (CS2 FACEIT),2026-05-17,120,3,0,False,1049,https://www.youtube.com/watch?v=j2rc6RZ5JOU
lilnise_fam,Лилнайс cs2,104,cOiu2gDl0yc,Видео,УГАДАЙТЕ С КЕМ ПОПАЛСЯ НА ФЕЙСИТЕ В CS 2,2026-05-25,109,1,5,False,909,https://www.youtube.com/watch?v=cOiu2gDl0yc
lilnise_fam,Лилнайс cs2,104,bilzhoMBxA4,Видео,ЧТО ПРОИСХОДИТ В ПИРАТСКОЙ CS:GO?,2024-07-24,101,9,2,False,541,https://www.youtube.com/watch?v=bilzhoMBxA4
lilnise_fam,Лилнайс cs2,104,JbPMVwPGr50,Видео,КАК УЛУЧШИТЬ СКИЛЛ В CS2 в 2026 ГОДУ?,2024-07-31,25,2,0,False,346,https://www.youtube.com/watch?v=JbPMVwPGr50
lilnise_fam,Лилнайс cs2,104,wE6Xoad_OeE,Видео,СТАРОЕ ЧИТЕРСКОЕ РАЗРЕШЕНИЕ В 2024 ГОДУ В КС 2 (CS2),2024-07-21,19,0,0,False,505,https://www.youtube.com/watch?v=wE6Xoad_OeE
lilnise_fam,Лилнайс cs2,104,VZBmeA6BcJI,Shorts,попался с популярным стримером! #cs2 #кс2,2026-07-01,17,0,1,False,27,https://www.youtube.com/shorts/VZBmeA6BcJI
lilnise_fam,Лилнайс cs2,104,SXDPVMU7ohg,Видео,Есть ли ЖИЗНЬ на Офисе в CS 2 ?,2024-06-12,12,1,0,False,679,https://www.youtube.com/watch?v=SXDPVMU7ohg
lilnise_fam,Лилнайс cs2,104,SqjyMolwYac,Видео,КАК ИГРАЮТ 6LVL FACEIT В 2026 ГОДУ (CS2),2024-07-03,12,1,0,False,624,https://www.youtube.com/watch?v=SqjyMolwYac
lilnise_fam,Лилнайс cs2,104,HxMyhN6SYVc,Видео,С НУЛЯ ДО 10 LVL - ФЕЙКОВЫЙ 10 LVL FACEIT ПЫТАЕТСЯ МЕНЯ УНИЗИТЬ,2024-07-10,12,2,0,False,568,https://www.youtube.com/watch?v=HxMyhN6SYVc
lilnise_fam,Лилнайс cs2,104,p7vcjjaCOQQ,Видео,ЭТА КАРТА ЗАМЕНИТ МИРАЖ (CS2) НОВОЕ ОБНОВЛЕНИЕ КС2,2024-06-30,11,2,0,False,508,https://www.youtube.com/watch?v=p7vcjjaCOQQ
lilnise_fam,Лилнайс cs2,104,by4lSwtCI40,Shorts,5к эло разыгровка фейсита #cs2 #кс2,2026-05-11,11,0,0,False,53,https://www.youtube.com/shorts/by4lSwtCI40
lilnise_fam,Лилнайс cs2,104,SFTHOuofCzY,Видео,Нашёл РЕДКИЙ БАГ на Faceit в КС 2,2024-06-23,9,1,0,False,532,https://www.youtube.com/watch?v=SFTHOuofCzY
lilnise_fam,Лилнайс cs2,104,2P1hw3wXFsk,Видео,ТЫ ТОЖЕ ИГРАЕШЬ В CS2 РАДИ КЕЙСА?,2024-07-28,9,1,0,False,542,https://www.youtube.com/watch?v=2P1hw3wXFsk
lilnise_fam,Лилнайс cs2,104,xZikMzf0ca0,Видео,ХУДШЕЕ РАЗРЕШЕНИЕ В 2026 ГОДУ КС 2 (CS2),2024-07-07,8,2,0,False,441,https://www.youtube.com/watch?v=xZikMzf0ca0
lilnise_fam,Лилнайс cs2,104,por5DAz7Miw,Видео,СЛУШАЮ ВОЙС ЧАТ 7 LVL FACEIT В CS2,2024-06-26,8,1,0,False,908,https://www.youtube.com/watch?v=por5DAz7Miw
lilnise_fam,Лилнайс cs2,104,K4id6gT29Cg,Видео,НОВЫЙ ДИГЛ ПРОСТО КАЙФ В КС 2,2024-07-17,5,1,0,False,590,https://www.youtube.com/watch?v=K4id6gT29Cg
lilnise_fam,Лилнайс cs2,104,WYzrI5VEkr8,Видео,"CS2, но Я стал КАПИТАНОМ",2024-06-19,4,1,0,False,614,https://www.youtube.com/watch?v=WYzrI5VEkr8
lilnise_fam,Лилнайс cs2,104,CwqeqCBkkC4,Видео,И это Самый Популярный Рейтинг в Премьере ? (CS 2),2024-06-16,3,1,0,False,577,https://www.youtube.com/watch?v=CwqeqCBkkC4
Limb111,Limb111,2250,nd16RgcRG1M,Видео,Путь До 10 Лвла Фейсит - Хорошее Начало,2025-07-26,33808,850,153,False,1248,https://www.youtube.com/watch?v=nd16RgcRG1M
Limb111,Limb111,2250,STHU5M6ceoA,Видео,СТУДЕНТ ВПЕРВЫЕ ЗАШЕЛ НА ФЕЙСИТ - ПУТЬ ДО 3000 ЭЛО | CS2 FACEIT,2026-10-01,33327,612,97,False,1155,https://www.youtube.com/watch?v=STHU5M6ceoA
Limb111,Limb111,2250,XFtGa8IsMHg,Shorts,Нико прайм #кс2 #csgo #cs2 #faceit #wtfcsgo #фейсит #приколыcsgo,2025-10-26,31090,62,7,False,10,https://www.youtube.com/shorts/XFtGa8IsMHg
Limb111,Limb111,2250,upygC_mkwF0,Shorts,Полная игра на канале #faceit #кс2 #cs2 #фейсит #строго#strogo #csgo #wtfcsgo #cs2overpass,2025-11-03,27887,63,1,False,9,https://www.youtube.com/shorts/upygC_mkwF0
Limb111,Limb111,2250,csa_SvTPFEc,Shorts,Ну я наделал в штаны) #faceit #3000elo #кс2 #cs2 #фейсит #csgo #wtfcsgo,2025-12-23,22584,133,1,False,10,https://www.youtube.com/shorts/csa_SvTPFEc
Limb111,Limb111,2250,T1FZB01_VuM,Shorts,если что про смех                  #csgo #приколыcsgo #кс #cs2overpass #кс2 #кс #,2025-08-07,22182,66,3,False,8,https://www.youtube.com/shorts/T1FZB01_VuM
Limb111,Limb111,2250,h7OkvPfcPJE,Видео,ПУТЬ ДО 10 ЛВЛА ФЕЙСИТ - СТРАХА НЕТ | CS2 FACEIT,2025-09-11,21398,511,88,False,1501,https://www.youtube.com/watch?v=h7OkvPfcPJE
Limb111,Limb111,2250,rE3VG7xcmE0,Shorts,Сделал сам того не понимая =) #csgo #ксго #кс#кс2 #ксгоприколы #counterstrike #фейсит,2025-07-28,14861,81,2,False,9,https://www.youtube.com/shorts/rE3VG7xcmE0
Limb111,Limb111,2250,7dnPbZ76X_c,Shorts,Закрутил #csgo #приколыcsgo #кс2 #ксго #wtfcsgo,2025-08-16,13919,63,4,False,6,https://www.youtube.com/shorts/7dnPbZ76X_c
Limb111,Limb111,2250,Ovi1_oLkKa4,Видео,ПУТЬ ДО 10 ЛВЛА ФЕЙСИТ - НАБРАЛ ФОРМУ | CS2 FACEIT,2025-08-06,13388,412,74,False,1411,https://www.youtube.com/watch?v=Ovi1_oLkKa4
Limb111,Limb111,2250,TBhM8GBxY4M,Видео,ПУТЬ ДО 10 ЛВЛА ФЕЙСИТ - АДСИКЙ УРОВЕНЬ | CS2 FACEIT,2025-08-20,12181,312,85,False,1210,https://www.youtube.com/watch?v=TBhM8GBxY4M
Limb111,Limb111,2250,4xFwTeWEob8,Видео,ПУТЬ ДО 10 ЛВЛА ФЕЙСИТ - НЕ ИГРАЙ В ПАТИ | CS2 FACEIT,2025-10-04,11700,256,37,False,1499,https://www.youtube.com/watch?v=4xFwTeWEob8
Limb111,Limb111,2250,JqS3tGAXOxU,Видео,ПУТЬ ДО 10 ЛВЛА ФЕЙСИТ - СТРАХ ПОРАЖЕНИЯ | CS2 FACEIT,2025-09-25,11279,275,58,False,1360,https://www.youtube.com/watch?v=JqS3tGAXOxU
Limb111,Limb111,2250,tnXfcNp6QOQ,Видео,ПУТЬ ДО 10 ЛВЛА ФЕЙСИТ - СЛИШКОМ ПРОСТО | CS2 FACEIT,2025-09-17,9713,249,45,False,1323,https://www.youtube.com/watch?v=tnXfcNp6QOQ
Limb111,Limb111,2250,AKXdmhYw4E8,Видео,КАК Я СЛИЛ ВСЁ СВОЕ ЭЛО ЗА 2 ДНЯ | КАЛИБРОВКА FACEIT ч.2,2026-08-27,9337,95,14,False,1082,https://www.youtube.com/watch?v=AKXdmhYw4E8
Limb111,Limb111,2250,EDuPXK5iYCQ,Видео,Моя Тренировка Благодаря Которой Я Апнул 10 Лвл Фейсит,2025-11-17,8050,325,36,False,406,https://www.youtube.com/watch?v=EDuPXK5iYCQ
Limb111,Limb111,2250,eVWtOAaRfGI,Видео,ПУТЬ К 3000 ЭЛО ФЕЙСИТ - ХУДШИЙ ДЕНЬ | CS2 FACEIT,2026-01-13,6765,217,24,False,1509,https://www.youtube.com/watch?v=eVWtOAaRfGI
Limb111,Limb111,2250,lJOajjrsj0I,Видео,ПУТЬ К 3000 ЭЛО ФЕЙСИТ - МОЙ ПЕРВЫЙ РАЗ В ПРЕМЕ | CS2 FACEIT,2026-04-13,6336,215,37,False,1439,https://www.youtube.com/watch?v=lJOajjrsj0I
Limb111,Limb111,2250,Jge1ds6STXk,Shorts,Полная версия в последнем ролике #csgo #приколыcsgo #кс #кс2 #ксго #wtfcsgo #стандофф2 #standoff2,2025-08-17,5453,33,1,False,15,https://www.youtube.com/shorts/Jge1ds6STXk
Limb111,Limb111,2250,ZfT6Q6hN2tY,Shorts,1v5 Куда они лезут? ;),2025-05-13,5000,43,2,False,30,https://www.youtube.com/shorts/ZfT6Q6hN2tY
Limb111,Limb111,2250,7gxtZj722S0,Видео,Путь До 10 лвла Фейсит - В ШАГЕ ОТ ЦЕЛИ | CS2 FACEIT,2025-10-31,4628,158,43,False,1304,https://www.youtube.com/watch?v=7gxtZj722S0
Limb111,Limb111,2250,ZOLOSRjcTq4,Shorts,На дм зашел,2025-05-19,4378,27,5,False,27,https://www.youtube.com/shorts/ZOLOSRjcTq4
Limb111,Limb111,2250,Xqa7xbunr58,Видео,ПУТЬ ДО 10 ЛВЛА ФЕЙСИТ - СЕКРЕТ ПОБЕДЫ | CS2 FACEIT,2025-10-24,4291,125,14,False,1263,https://www.youtube.com/watch?v=Xqa7xbunr58
Limb111,Limb111,2250,Od2pIPWovds,Видео,Путь До 10 Лвла Фейсит - Стал Бездарем (всегда им был),2025-08-01,4006,203,46,False,1361,https://www.youtube.com/watch?v=Od2pIPWovds
Limb111,Limb111,2250,Lec6E2uL-8c,Видео,ПУТЬ ДО 10 ЛВЛА ФЕЙСИТ - АПНУЛ 9 ЛВЛ | CS2 FACEIT,2025-09-04,3953,150,31,False,1184,https://www.youtube.com/watch?v=Lec6E2uL-8c
Limb111,Limb111,2250,V8ptovXteTw,Видео,ПУТЬ ДО 10 ЛВЛА ФЕЙСИТ - КАЧЕЛИ | CS2 FACEIT,2025-08-12,3638,151,33,False,1393,https://www.youtube.com/watch?v=V8ptovXteTw
Limb111,Limb111,2250,9eGyOqeIFPo,Shorts,Я с ним тëзка кста  #кс2 #csgo #cs2overpass #приколыcsgo #стандофф2 #standoff2 #wtfcsgo #кс #ксго,2025-09-13,3608,16,2,False,15,https://www.youtube.com/shorts/9eGyOqeIFPo
Limb111,Limb111,2250,GmKkUUT4ZgA,Видео,Путь До 10 Лвла Фейсит - ФИНАЛ | CS2 FACEIT,2025-11-11,3570,184,61,False,1279,https://www.youtube.com/watch?v=GmKkUUT4ZgA
Limb111,Limb111,2250,pcvtyj1_JM0,Shorts,Фул игра на канале #кс2 #csgo #cs2overpass #faceit #wtfcsgo #фейсит,2025-10-26,3480,24,0,False,8,https://www.youtube.com/shorts/pcvtyj1_JM0
Limb111,Limb111,2250,2wduRqHvKuw,Видео,ПУТЬ ДО 10 ЛВЛА ФЕЙСИТ - ПЕРВЫЕ УСПЕХИ | CS2 FACEIT,2025-08-29,3247,125,33,False,1426,https://www.youtube.com/watch?v=2wduRqHvKuw
Limb111,Limb111,2250,FuWbWa7y8Og,Видео,ПУТЬ ДО 10 ЛВЛА ФЕЙСИТ - ЭТО СКРЫТЫЙ ПУЛ? | CS2 FACEIT,2025-10-16,2925,102,26,False,1520,https://www.youtube.com/watch?v=FuWbWa7y8Og
Limb111,Limb111,2250,90kKvKwfUgE,Видео,ПУТЬ К 3000 ЭЛО ФЕЙСИТ - НЕПЛОХОЙ СТАРТ | CS2 FACEIT,2025-11-30,2873,145,32,False,1278,https://www.youtube.com/watch?v=90kKvKwfUgE
Limb111,Limb111,2250,8c_NbVj6YTY,Видео,КАК СЛИТЬ ВСЁ СВОЕ ЭЛО ЗА 2 ДНЯ | КАЛИБРОВКА FACEIT ч.1,2026-07-22,2415,78,11,False,784,https://www.youtube.com/watch?v=8c_NbVj6YTY
Limb111,Limb111,2250,m4seh0Mpk1E,Shorts,Всем желаю такой регистрации!! #фейсит #faceit #3000эло #3000elo #кс2 #cs2 #фейсит,2026-07-23,2318,10,0,False,10,https://www.youtube.com/shorts/m4seh0Mpk1E
Limb111,Limb111,2250,1aXFNjWqCbs,Видео,ПУТЬ К 3000 ЭЛО ФЕЙСИТ - РЕШАЮЩАЯ ОШИБКА | CS2 FACEIT,2025-12-19,2199,89,6,False,1387,https://www.youtube.com/watch?v=1aXFNjWqCbs
Limb111,Limb111,2250,C6sita_Dphw,Shorts,Словил прайм #кс2 #csgo #cs2overpass #приколыcsgo #кс #wtfcsgo,2025-09-07,1948,11,1,False,7,https://www.youtube.com/shorts/C6sita_Dphw
Limb111,Limb111,2250,F-cHeFTSLLg,Shorts,Самая лучшая рега только в этой игре #csgo #приколыcsgo #ксго #кс #кс2,2025-07-30,1841,23,2,False,15,https://www.youtube.com/shorts/F-cHeFTSLLg
Limb111,Limb111,2250,MUa3hiJDvCc,Shorts,Немного дефолта из моих игр в кс2,2025-05-13,1800,7,1,False,18,https://www.youtube.com/shorts/MUa3hiJDvCc
NK3YX,NK3Y,13500,teGnjdBD_Uk,Видео,24 ЧАСА ТОЛЬКО с ДИГЛОМ НА FACEIT 2.500 ELO в CS2 (20 игр подряд),2026-06-19,347502,14163,1100,False,1920,https://www.youtube.com/watch?v=teGnjdBD_Uk
NK3YX,NK3Y,13500,t8as1hxYklA,Видео,СТРЕЛЯЛ ТАПАМИ 7 ДНЕЙ в CS2 на FACEIT 2.400 ELO,2026-08-13,219845,5065,375,False,2263,https://www.youtube.com/watch?v=t8as1hxYklA
NK3YX,NK3Y,13500,rfroXTpzry8,Видео,ПРОШЁЛ КАЛИБРОВКУ с ЦЗ на FACEIT 2.400 ELO (забанили),2026-08-31,107933,2521,228,False,1339,https://www.youtube.com/watch?v=rfroXTpzry8
NK3YX,NK3Y,13500,GeGgo2cEHnM,Видео,ТРЕНИРОВАЛ РЕАКЦИЮ 7 ДНЕЙ в CS2 на 2.500 ELO,2026-07-10,74245,2649,235,False,1609,https://www.youtube.com/watch?v=GeGgo2cEHnM
NK3YX,NK3Y,13500,l6OyvUAn_Ew,Видео,ТРЕНИРОВАЛ АИМ И СТРЕЛЬБУ 72 ЧАСА в CS2 (побил винстрик на FACEIT),2026-04-14,64699,2614,263,False,1690,https://www.youtube.com/watch?v=l6OyvUAn_Ew
NK3YX,NK3Y,13500,RzxaewNngq4,Видео,7 ДНЕЙ ТРЕНИРОВАЛСЯ и ИГРАЛ ПРИЗОВЫЕ ТУРНИРЫ 1 на 1 В CS2,2026-09-25,64424,1486,121,False,1013,https://www.youtube.com/watch?v=RzxaewNngq4
NK3YX,NK3Y,13500,611aErvC0Q8,Видео,СТРЕЛЯЛ ВАНТАПАМИ НА FACEIT В CS2,2026-03-01,52053,2300,125,False,1525,https://www.youtube.com/watch?v=611aErvC0Q8
NK3YX,NK3Y,13500,hVD2HE7v1xM,Видео,ИГРАЛ ТОЛЬКО С РЕВОЛЬВЕРОМ НА FACEIT 2.400 ELO В CS2,2026-07-22,46340,2140,251,False,1069,https://www.youtube.com/watch?v=hVD2HE7v1xM
NK3YX,NK3Y,13500,ivWiq9xi_hE,Видео,ОТЫГРАЛ МАТЧИ на ФУЛЛФОКУСЕ на 2.800 ELO FACEIT в CS2,2026-04-29,25871,990,44,False,1332,https://www.youtube.com/watch?v=ivWiq9xi_hE
NK3YX,NK3Y,13500,8wu7ryk3UEw,Видео,ОТКАЛИБРОВАЛСЯ НА FACEIT в CS2 (было 2.8k elo),2026-05-13,14872,465,36,False,1236,https://www.youtube.com/watch?v=8wu7ryk3UEw
NK3YX,NK3Y,13500,SU8CyqMLjq0,Видео,ТРЕНИРОВАЛСЯ 7 ДНЕЙ ПОДРЯД В CS2 ВО ВСЕХ АСПЕКТАХ,2026-01-22,6008,199,21,False,2934,https://www.youtube.com/watch?v=SU8CyqMLjq0
NK3YX,NK3Y,13500,jee2UnSBG1A,Видео,СТАЛ ИНКОМ ФЕРМОЙ в CS2 на 10 LVL FACEIT,2026-03-19,2760,97,12,False,932,https://www.youtube.com/watch?v=jee2UnSBG1A
NK3YX,NK3Y,13500,LpefA5dI7NU,Shorts,Шах эдит #edit #шах #эдит #лавсоса,2025-08-13,2699,48,1,False,29,https://www.youtube.com/shorts/LpefA5dI7NU
NK3YX,NK3Y,13500,CtGprOEngKg,Видео,МОЯ ТРЕНИРОВКА 2500 ELO CS 2,2024-10-04,1669,96,9,False,149,https://www.youtube.com/watch?v=CtGprOEngKg
NK3YX,NK3Y,13500,InYPsrtjY1s,Shorts,Он недоволен) Скоро будут ролики и уже стримы на твиче каждый день #shorts #csgo,2022-12-25,1532,28,0,False,31,https://www.youtube.com/shorts/InYPsrtjY1s
NK3YX,NK3Y,13500,E2zQPJqBqoE,Shorts,"ACE На оверпассе , ДО КОНЦА) #csgo #ксго #кс #shorts",2022-12-26,1293,18,1,False,29,https://www.youtube.com/shorts/E2zQPJqBqoE
NK3YX,NK3Y,13500,NzsKyiCGzoA,Shorts,🥵Подглядует маленький🥵  #cs #cs2 #кс2 #кс #мем,2026-01-24,1002,24,0,False,12,https://www.youtube.com/shorts/NzsKyiCGzoA
ronnyaa,ronya,345,sGMxQniJePU,Видео,ПУТЬ В ТОП 100 KZ - НАЧАЛО,2026-09-23,53732,734,115,False,681,https://www.youtube.com/watch?v=sGMxQniJePU
ronnyaa,ronya,345,-vv7NgSaht4,Видео,Как ПОБЕДИТЬ ТИЛЬТ в  CS2 и перестать сливать эло,2026-08-02,3657,226,62,False,593,https://www.youtube.com/watch?v=-vv7NgSaht4
ronnyaa,ronya,345,MpOLYzlSL_I,Видео,Как Апнуть 10 LVL На Faceit в CS2: Гайд От 1 До 10 Уровня (личный опыт),2026-08-25,2088,43,17,False,387,https://www.youtube.com/watch?v=MpOLYzlSL_I
TenfRly,тенф,43400,waQt17rD6lo,Видео,ПРОВЁЛ 7 ДНЕЙ в ИЗОЛЯЦИИ в CS2 (я сошел с ума..) на 10 LVL FACEIT,2025-11-19,391141,18157,780,False,4652,https://www.youtube.com/watch?v=waQt17rD6lo
TenfRly,тенф,43400,yO0Fi_as0m0,Видео,ЗАШЁЛ на 2500 ELO СПУСТЯ 2 ГОДА на 10 LVL FACEIT в CS2,2025-01-23,346053,4693,415,False,901,https://www.youtube.com/watch?v=yO0Fi_as0m0
TenfRly,тенф,43400,6_pRwgzBgG8,Видео,АПНУЛ 30.000 в CS2 но КАКОЙ ЦЕНОЙ.. (ценой всего..),2026-02-18,306006,12926,451,False,2415,https://www.youtube.com/watch?v=6_pRwgzBgG8
TenfRly,тенф,43400,V2_nIMZVWEY,Видео,24ч ИГРАЛ ТОЛЬКО с SSG 08 на FACEIT 3.000 ELO в CS2,2026-09-03,258903,4880,254,False,2014,https://www.youtube.com/watch?v=V2_nIMZVWEY
TenfRly,тенф,43400,4JgaLKcGcNQ,Видео,апаю 3000 ELO за 14 ДНЕЙ в CS2 на 10 LVL FACEIT,2025-02-12,227906,4096,330,False,1033,https://www.youtube.com/watch?v=4JgaLKcGcNQ
TenfRly,тенф,43400,eTR146ShjT4,Видео,7 ДНЕЙ ИГРАЛ с ДРОБАШАМИ на 3000 ELO в CS2 (меня все ненавидят...),2026-05-07,152298,5753,219,False,4297,https://www.youtube.com/watch?v=eTR146ShjT4
TenfRly,тенф,43400,hvz7bhVw2Eo,Видео,КАК Я СТАЛ ТОП 100 на FACEIT в CS2,2026-08-10,135053,3819,105,False,1273,https://www.youtube.com/watch?v=hvz7bhVw2Eo
TenfRly,тенф,43400,y6SryV9ctlY,Видео,АПНУЛ 25.000 в CS2 и ВАМ НЕ СОВЕТУЮ... (это ужас) | 1 ЧАСТЬ,2025-08-23,113358,3546,228,False,1630,https://www.youtube.com/watch?v=y6SryV9ctlY
TenfRly,тенф,43400,Y-f5KA_hdx0,Видео,ПРОКЛЯТИЕ 3500 - Я СНОВА В ПРАЙМЕ? (CS2 10 LVL FACEIT),2026-02-07,111858,3780,139,False,2176,https://www.youtube.com/watch?v=Y-f5KA_hdx0
TenfRly,тенф,43400,BrGYgjh-OBA,Видео,ПРОКЛЯТИЕ 3500 - УЖАСНЫЕ ТИММЕЙТЫ в CS2 (10 LVL FACEIT),2025-04-26,106841,3250,220,False,1002,https://www.youtube.com/watch?v=BrGYgjh-OBA
TenfRly,тенф,43400,nryZCPDcnRU,Видео,РАЗОБЛАЧИЛ ЧИТЕРОВ на 3500 ELO в CS2 на 10 LVL FACEIT,2025-09-04,106177,3600,279,False,1390,https://www.youtube.com/watch?v=nryZCPDcnRU
TenfRly,тенф,43400,eiVB190Y-_g,Видео,3500 ELO за МЕСЯЦ - ИГРА ПОСЛЕ КОТОРОЙ ХОЧЕТСЯ ЖИТЬ в CS2 на 10 LVL FACEIT,2025-03-21,97105,2378,132,False,953,https://www.youtube.com/watch?v=eiVB190Y-_g
TenfRly,тенф,43400,Zc8S0Q341wE,Видео,КАЛИБРОВКА FACEIT в CS2 - ЧУДО ОБНОВЛЕНИЕ ИЗМЕНИВШЕЕ ВСЁ...,2026-05-13,82128,2717,129,False,1493,https://www.youtube.com/watch?v=Zc8S0Q341wE
TenfRly,тенф,43400,NI19TEYCJ3E,Видео,СЫГРАЛИ в 5 ТОЛЬКО с SSG 08 на FACEIT в CS2,2026-09-07,82023,2828,156,False,1579,https://www.youtube.com/watch?v=NI19TEYCJ3E
TenfRly,тенф,43400,PuPCQTiXRYU,Видео,АПНУЛ ТОП 400 МИРА и ПОЙМАЛ ВАК ЛАЙВ в CS2,2026-09-15,76855,2229,80,False,1931,https://www.youtube.com/watch?v=PuPCQTiXRYU
TenfRly,тенф,43400,jeC9J1K-YnU,Видео,ПРОКЛЯТИЕ 3500 - ТУПИЦЫ С 3000 ELO на НОН ПРЕМЕ в CS2 FACEIT,2025-05-08,76063,2262,138,False,1192,https://www.youtube.com/watch?v=jeC9J1K-YnU
TenfRly,тенф,43400,Z4-w-JC16qs,Видео,В ТОП 100 ПРЕМЬЕРА - НЕЧТО НЕВОЗМОЖНОЕ?,2026-06-22,75542,3167,191,False,1893,https://www.youtube.com/watch?v=Z4-w-JC16qs
TenfRly,тенф,43400,ifm2nwIoGmA,Видео,ПРОКЛЯТИЕ 3500 - УЗНИК 3000 ELO (CS2 10 LVL FACEIT),2025-04-19,66893,2293,189,False,854,https://www.youtube.com/watch?v=ifm2nwIoGmA
TenfRly,тенф,43400,Ph_nfssQRvM,Видео,ПРОКЛЯТИЕ 3500 ELO - ПОПАЛ В ЯМУ ЛУЗЕРОВ в CS2 (10 LVL FACEIT),2026-01-16,65011,2333,113,False,1782,https://www.youtube.com/watch?v=Ph_nfssQRvM
TenfRly,тенф,43400,OIbM-eQyELs,Видео,3000 ELO - ТЮРЬМА для ПСИХОВ на 10 LVL FACEIT в CS2,2026-01-06,64617,2239,89,False,1518,https://www.youtube.com/watch?v=OIbM-eQyELs
TenfRly,тенф,43400,Qi4vTGyE_Gk,Видео,ПРОКЛЯТИЕ 3500 - РАЗОРВАЛ ОКОВЫ в CS2 (10 LVL FACEIT),2025-06-21,64141,1613,108,False,1673,https://www.youtube.com/watch?v=Qi4vTGyE_Gk
TenfRly,тенф,43400,eqf5_uPAB3s,Видео,как я АПНУЛ 3000 ELO за 8 ДНЕЙ в CS2 на 10 LVL FACEIT,2025-02-20,61892,1618,114,False,638,https://www.youtube.com/watch?v=eqf5_uPAB3s
TenfRly,тенф,43400,B6OgBvrVGKE,Видео,30.000 в CS2 - МЕСТО ДЛЯ ПСИХОПАТОВ | 2 ЧАСТЬ,2025-12-07,61338,2152,128,False,2461,https://www.youtube.com/watch?v=B6OgBvrVGKE
TenfRly,тенф,43400,7xSN8SwwbiU,Видео,3500 ELO за МЕСЯЦ - БЕСКОНЕЧНЫЕ ЛУЗЫ в CS2 на 10 LVL FACEIT,2025-03-12,60280,1393,147,False,896,https://www.youtube.com/watch?v=7xSN8SwwbiU
TenfRly,тенф,43400,lJW0lQQm2yo,Видео,ПРОКЛЯТИЕ 3500 - ПРЕВРАТИЛСЯ в ТОКСИЧНОГО НЫТИКА на 3000 ELO в CS2 (10 LVL FACEIT),2025-06-30,55653,1410,100,False,1201,https://www.youtube.com/watch?v=lJW0lQQm2yo
TenfRly,тенф,43400,TEwULk380Gk,Видео,ПРОКЛЯТИЕ 3500 - ТЯЖЕЛЫЕ ИГРЫ в CS2 (10 LVL FACEIT),2025-08-15,54702,1857,86,False,1881,https://www.youtube.com/watch?v=TEwULk380Gk
TenfRly,тенф,43400,H7KsFMIbOEg,Видео,ПРОКЛЯТИЕ 3500 - РАУНД ЖИЗНИ в CS2 (10 LVL FACEIT),2026-03-31,54641,2077,102,False,1204,https://www.youtube.com/watch?v=H7KsFMIbOEg
TenfRly,тенф,43400,ZdlLVdVTswE,Видео,ВСЯ МЕРЗОСТЬ ФЕЙСИТА CS2 (3000 ELO) | 1 Часть,2026-07-15,54292,2371,132,False,1402,https://www.youtube.com/watch?v=ZdlLVdVTswE
TenfRly,тенф,43400,qcl1F90zi-Y,Видео,САМАЯ НЕВЕЗУЧАЯ ИГРА за 1000 МАТЧЕЙ на 3000 ELO в CS2 FACEIT,2026-03-10,53724,2010,106,False,1749,https://www.youtube.com/watch?v=qcl1F90zi-Y
TenfRly,тенф,43400,ekj-h_X_rxY,Видео,ПРОКЛЯТИЕ 3500 - СМЕШНЫЕ ОБЕЗЬЯНЫ НА 3500 ELO в CS2 на 10 LVL FACEIT,2025-09-16,52359,1835,81,False,1261,https://www.youtube.com/watch?v=ekj-h_X_rxY
TenfRly,тенф,43400,aUnl-nokrgc,Видео,В ТОП 100 ПРЕМЬЕРА - ЧИТЕРЫ СРЕДИ НАС в CS2,2026-06-30,52352,2108,190,False,1802,https://www.youtube.com/watch?v=aUnl-nokrgc
TenfRly,тенф,43400,t7xUcq4fl94,Видео,3500 ELO за МЕСЯЦ в CS2 на 10 LVL FACEIT,2025-03-01,51254,1222,98,False,965,https://www.youtube.com/watch?v=t7xUcq4fl94
TenfRly,тенф,43400,X0o3aXFXQW0,Видео,АПАЮ 30.000 в CS2 на КРАСНОМ ТРАСТЕ | 3 ЧАСТЬ,2025-12-17,50072,1862,117,False,2429,https://www.youtube.com/watch?v=X0o3aXFXQW0
TenfRly,тенф,43400,KSu_HS_pebA,Видео,В ТОП 100 ПРЕМЬЕРА - ВОТ КАК УСТРОЕНЫ КРУТИЛКИ в CS2,2026-08-05,47375,2027,128,False,1479,https://www.youtube.com/watch?v=KSu_HS_pebA
TenfRly,тенф,43400,rUn7gG1zixc,Видео,ПРОКЛЯТИЕ 3500 - В МИРЕ БУЩЕННЫХ ЖИВОТНЫХ в CS2 (10 LVL FACEIT),2025-05-27,45636,1491,95,False,1008,https://www.youtube.com/watch?v=rUn7gG1zixc
TenfRly,тенф,43400,VVRiEXvJxTk,Видео,ВСЯ КРАСОТА ФЕЙСИТА в CS2 (3000 ELO) | 2 Часть,2026-07-21,44969,2265,134,False,1478,https://www.youtube.com/watch?v=VVRiEXvJxTk
TenfRly,тенф,43400,tMkxVT8e-MA,Видео,"ПРОКЛЯТИЕ 3500 - БЕЗДАРЬ, ИЗМЕНИВШИЙ ХОД ИГРЫ в CS2 (10 LVL FACEIT)",2025-08-05,42588,1576,80,False,824,https://www.youtube.com/watch?v=tMkxVT8e-MA
TenfRly,тенф,43400,a4XNTp2zrcc,Видео,ЧИТЕРСКИЙ АД в КОТОРОМ НЕТ ВЫХОДА.. (или всё же есть?) | в ТОП 100 ПРЕМЬЕРА в CS2,2026-09-29,41834,1401,79,False,1448,https://www.youtube.com/watch?v=a4XNTp2zrcc
TenfRly,тенф,43400,hxe0MZL602c,Видео,ТРЕНИРУЮСЬ 7 ДНЕЙ чтобы АПНУТЬ 3000 ELO в CS2 (FACEIT),2025-02-04,39546,1541,133,False,523,https://www.youtube.com/watch?v=hxe0MZL602c
TenfRly,тенф,43400,PXlHTw2UaCg,Видео,СЫГРАЛ 1 в 3 в НОВОМ РЕЖИМЕ RUSH в CS2! ЕЩЕ ЯЙЦА ДОБАВИЛИ АХАХХАХА,2026-09-23,37239,1044,54,False,834,https://www.youtube.com/watch?v=PXlHTw2UaCg
TenfRly,тенф,43400,3Q8tpep7Y5c,Видео,ПРОКЛЯТИЕ 3500 - НЕВЫНОСИМЫЕ КАЧЕЛИ в CS2 (10 LVL FACEIT),2025-06-14,36967,1372,95,False,951,https://www.youtube.com/watch?v=3Q8tpep7Y5c
TenfRly,тенф,43400,PyoTfzjfFY4,Видео,СЫГРАЛ с ПОПУЛЯРНЫМ ТРЕНЕРОМ на 3500 ELO (ft. kuro) в CS2 FACEIT,2025-05-16,35276,1358,69,False,925,https://www.youtube.com/watch?v=PyoTfzjfFY4
TenfRly,тенф,43400,U5bJL86OnIc,Видео,3500 ELO ЗА МЕСЯЦ - ПОГОНЯ ЗА ФРАГАМИ в CS2 на 10 LVL FACEIT,2025-03-29,33624,956,58,False,611,https://www.youtube.com/watch?v=U5bJL86OnIc
TenfRly,тенф,43400,q8kfELSAl_M,Видео,ПРОКЛЯТИЕ 3500 - ПРЕОДОЛЕЛ ПОРОГ и АПНУЛ 3200 ELO в CS2 на 10 LVL FACEIT,2025-10-10,32148,1455,85,False,799,https://www.youtube.com/watch?v=q8kfELSAl_M
TenfRly,тенф,43400,zURqvPBHuUk,Видео,АПНУЛ 10 LVL FACEIT за 59 МАТЧЕЙ и ПОТЕРЯЛ ИНТЕРЕС К ИГРЕ,2025-01-14,27098,1066,144,False,329,https://www.youtube.com/watch?v=zURqvPBHuUk
TenfRly,тенф,43400,YepfcmgrKvM,Видео,НЕ МОГУ ЗАКУПАТЬСЯ ВСЮ ИГРУ на 3000 ELO в CS2 на 10 LVL FACEIT,2025-03-07,17986,587,55,False,678,https://www.youtube.com/watch?v=YepfcmgrKvM
TenfRly,тенф,43400,L45aThwm_aw,Видео,как ВЫИГРЫВАТЬ 70% ИГР в CS2? ИГРЫ в СОЛО vs ИГРЫ в КОМАНДЕ на 10 LVL FACEIT 2500 ELO,2025-01-29,11572,398,46,False,419,https://www.youtube.com/watch?v=L45aThwm_aw
tolkorisk,risK,200,hsXehjFy0nU,Видео,С НУЛЯ ДО 3К ELO - ОТКАТ (CS2 FACEIT),2026-09-08,9433,70,22,False,1937,https://www.youtube.com/watch?v=hsXehjFy0nU
tolkorisk,risK,200,WgBhz02WK5E,Видео,С НУЛЯ ДО 3К ELO - ТОКСИКИ (CS2 FACEIT),2026-09-03,8996,59,19,False,1270,https://www.youtube.com/watch?v=WgBhz02WK5E
tolkorisk,risK,200,Au1uFdeW-p4,Видео,С НУЛЯ ДО 3К ELO - 50 ПРОЦЕНТОВ (CS2 FACEIT),2026-09-18,8927,44,14,False,2004,https://www.youtube.com/watch?v=Au1uFdeW-p4
tolkorisk,risK,200,LIiIG0_MKIs,Видео,С НУЛЯ ДО 3К ELO - РУИНЕРЫ (CS2 FACEIT),2026-08-30,8475,60,22,False,1684,https://www.youtube.com/watch?v=LIiIG0_MKIs
tolkorisk,risK,200,N2XZ_H5jFPQ,Видео,С НУЛЯ ДО 3К ELO - СКРЫТЫЙ ПУЛ (CS2 FACEIT),2026-09-27,5017,26,11,False,1718,https://www.youtube.com/watch?v=N2XZ_H5jFPQ
tolkorisk,risK,200,EZwqolrfm9o,Видео,С НУЛЯ ДО 3К ELO - ТРЕНИРУЙ СТРЕЛЬБУ (CS2 FACEIT),2026-08-18,4805,120,28,False,2454,https://www.youtube.com/watch?v=EZwqolrfm9o
tolkorisk,risK,200,L5ZWsaROkkU,Видео,С НУЛЯ ДО 3К ELO - ГЛАВНЫЕ ТОКСИКИ (CS2 FACEIT),2026-10-03,4328,58,17,False,2202,https://www.youtube.com/watch?v=L5ZWsaROkkU
tolkorisk,risK,200,nPRr7ItKj7U,Видео,С НУЛЯ ДО 3К ELO - ПОТОК (CS2 FACEIT),2026-08-26,3385,62,12,False,1256,https://www.youtube.com/watch?v=nPRr7ItKj7U
tolkorisk,risK,200,XhAaE75_5i0,Видео,С НУЛЯ ДО 3К ELO - КАЛИБРОВКА (CS2 FACEIT),2026-08-10,3066,60,18,False,1194,https://www.youtube.com/watch?v=XhAaE75_5i0
tolkorisk,risK,200,ym7r-Du8s6M,Видео,С НУЛЯ ДО 3К ELO - ЛУЗ СТРИК (CS2 FACEIT),2026-08-22,2450,55,19,False,1218,https://www.youtube.com/watch?v=ym7r-Du8s6M
tolkorisk,risK,200,FeF2nnFC91M,Видео,С НУЛЯ ДО 3К ELO - ПРАЙМ (CS2 FACEIT),2026-09-13,1425,46,15,False,1403,https://www.youtube.com/watch?v=FeF2nnFC91M
tolkorisk,risK,200,brjXWmG3xWY,Видео,С НУЛЯ ДО 3К ELO - ПОБЕЖДАЕТ КОМАНДА (CS2 FACEIT),2026-08-14,624,30,9,False,1364,https://www.youtube.com/watch?v=brjXWmG3xWY
wwhysoempty,whysoempty,1240,160gy56Az70,Видео,3 ПАРНЯ ПРОТИВ 6 ДЕВУШЕК В CS2 (КТО ПОБЕДИТ?),2026-07-26,46073,1218,82,False,765,https://www.youtube.com/watch?v=160gy56Az70
wwhysoempty,whysoempty,1240,YKAqH2HuStE,Видео,ЭТО САМЫЙ ЖЕСТКИЙ ЧИТЕР С КРУТИЛКОЙ НА FACEIT 2026 В CS2 (ТАКОГО Я ЕЩЕ НЕ ВИДЕЛ),2026-07-29,26448,614,146,False,822,https://www.youtube.com/watch?v=YKAqH2HuStE
wwhysoempty,whysoempty,1240,NlmDZIWlYqk,Видео,АМЕРИКАНСКИЙ FACEIT В CS2 (ПОЧЕМУ ЗДЕСЬ ТАК ЛЕГКО?),2026-09-07,20456,379,48,False,688,https://www.youtube.com/watch?v=NlmDZIWlYqk
wwhysoempty,whysoempty,1240,8UvJj8sU1bM,Видео,С НУЛЯ ДО ТОП 1000 FACEIT - Я В ПОТОКЕ (CS2),2026-09-25,16085,89,21,False,646,https://www.youtube.com/watch?v=8UvJj8sU1bM
wwhysoempty,whysoempty,1240,rq9p0-1LeAg,Видео,30 FPS ПРОТИВ 300 FPS НА FACEIT В CS2 (ТАКИХ ЛАГОВ Я ЕЩЕ НЕ ВИДЕЛ),2026-08-05,15720,432,86,False,926,https://www.youtube.com/watch?v=rq9p0-1LeAg
wwhysoempty,whysoempty,1240,PRf0vuCRRKU,Видео,Я ВЫИГРАЛ СВОИ ПЕРВЫЕ ПРИЗОВЫЕ В CS2 (ЭТО БЫЛО СЛИШКОМ ПРОСТО),2026-09-18,12971,208,17,False,1615,https://www.youtube.com/watch?v=PRf0vuCRRKU
wwhysoempty,whysoempty,1240,cfTcNts1O6w,Видео,ИГРАЛ С ДЕВУШКОЙ 3 ДНЯ ПОДРЯД ПО 10 ИГР НА FACEIT CS 2,2026-05-20,11933,502,61,False,1159,https://www.youtube.com/watch?v=cfTcNts1O6w
wwhysoempty,whysoempty,1240,S6eRlpGSTik,Видео,С НУЛЯ ДО ТОП 1000 FACEIT - ХУДШИЕ ТИММЕЙТЫ (CS2),2026-08-31,9104,102,24,False,1099,https://www.youtube.com/watch?v=S6eRlpGSTik
wwhysoempty,whysoempty,1240,c86I526MpB0,Видео,С НУЛЯ ДО ТОП 1000 FACEIT - БЕСКОНЕЧНЫЕ ДОПЫ (CS2),2026-09-11,8943,62,17,False,730,https://www.youtube.com/watch?v=c86I526MpB0
wwhysoempty,whysoempty,1240,NVoCe1VRmqw,Видео,Я СЫГРАЛ С ДЕВУШКОЙ КАЛИБРОВКУ НА FACEIT В CS2 (НО У НЕЕ 1 LVL) | ЧАСТЬ 1,2026-08-19,8097,267,52,False,1041,https://www.youtube.com/watch?v=NVoCe1VRmqw
wwhysoempty,whysoempty,1240,pFdvB4TUcV8,Видео,ЧТО ПРОИСХОДИТ С ПРЕМЬЕР РЕЖИМОМ 2026 В CS2 (VAC НЕ РАБОТАЕТ?),2026-08-02,4570,183,34,False,608,https://www.youtube.com/watch?v=pFdvB4TUcV8
wwhysoempty,whysoempty,1240,hekzc4ZS7N4,Видео,ЭТО САМЫЙ ТОКСИЧНЫЙ ДОТЕР С РАНГОМ ТИТАН НА FACEIT В CS2 (ТАКОГО Я НЕ ОЖИДАЛ),2026-08-14,3980,145,25,False,1375,https://www.youtube.com/watch?v=hekzc4ZS7N4
wwhysoempty,whysoempty,1240,6LF4hQph_X8,Видео,ЭТО САМАЯ БОЛЬШАЯ СЕНСА В МИРЕ СРЕДИ КИБЕРСПОРТСМЕНОВ CS2 (ОНА СЛИШКОМ БЫСТРАЯ),2026-08-08,3540,109,48,False,478,https://www.youtube.com/watch?v=6LF4hQph_X8
wwhysoempty,whysoempty,1240,Fdl6dOat9Cs,Видео,ЭТО БЫЛА ЛУЧШАЯ КАЛИБРОВКА С ДЕВУШКОЙ НА FACEIT В CS2 (ИГРА 47 ФРАГОВ) | ФИНАЛ,2026-08-24,3523,141,35,False,1180,https://www.youtube.com/watch?v=Fdl6dOat9Cs
wwhysoempty,whysoempty,1240,6s39xDZ71d8,Видео,ПРОШЕЛ КАЛИБРОВКУ С РАЗНИЦЕЙ БОЛЕЕ 1000 ELO НА FACEIT CS 2 (ft. Rav3nus),2026-07-03,2945,103,24,False,821,https://www.youtube.com/watch?v=6s39xDZ71d8
wwhysoempty,whysoempty,1240,6nJ5ARjcvQ8,Видео,24 ЧАСА ТОЛЬКО С РЕВОЛЬВЕРОМ С НАСТРОЙКАМИ NEYMAR НА FACEIT 2000 ELO В CS2,2026-07-21,1729,71,12,False,957,https://www.youtube.com/watch?v=6nJ5ARjcvQ8
zenpai1337,зенпай,1410,BVkLIhzjLaQ,Видео,Только ДИГЛ на FACEIT 2500 ELO в CS2! Все в шоке..,2026-09-19,25663,521,79,False,1222,https://www.youtube.com/watch?v=BVkLIhzjLaQ
zenpai1337,зенпай,1410,XKalPKTwkTE,Видео,Почему Апнуть 25.000 в CS2 Невозможно.. (Встретил брата Ивана Золо),2026-08-16,19438,801,207,False,1131,https://www.youtube.com/watch?v=XKalPKTwkTE
zenpai1337,зенпай,1410,Lo2fEXkcBz4,Видео,24ч на FACEIT в CS2! Сколько ЭЛО я АПНУ? (Самое трудное испытание..),2026-09-06,17518,372,64,False,1952,https://www.youtube.com/watch?v=Lo2fEXkcBz4
zenpai1337,зенпай,1410,WUPlS8rX4BI,Видео,ТЫ АПНЕШЬ 10LVL на FACEIT и вот ПОЧЕМУ!,2026-07-22,11250,527,88,False,464,https://www.youtube.com/watch?v=WUPlS8rX4BI
zenpai1337,зенпай,1410,ogvULdbWqpk,Видео,ИГРАЮ на ДЕШЕВОЙ КЛАВИАТУРЕ на FACEIT в CS2 (2500 ELO),2026-07-27,4079,150,53,False,528,https://www.youtube.com/watch?v=ogvULdbWqpk
zenpai1337,зенпай,1410,9RLysS7IMLE,Видео,Играю на ДЕФОЛТНОМ КОНФИГЕ на FACEIT в CS2 (2500 ELO),2026-08-20,3680,157,49,False,478,https://www.youtube.com/watch?v=9RLysS7IMLE
zenpai1337,зенпай,1410,Vs5SJg3Bb9c,Видео,АУГ и СГ на FACEIT 2500 ELO: ИМБА или МУСОР? *мои худшие игры..,2026-08-24,3505,89,31,False,721,https://www.youtube.com/watch?v=Vs5SJg3Bb9c
zenpai1337,зенпай,1410,gqedJu5dldk,Видео,Как Я Играл 24 ЧАСА на FACEIT 2500 ELO в CS2 (это было ужасно..),2026-08-03,1350,83,33,False,1346,https://www.youtube.com/watch?v=gqedJu5dldk
zenpai1337,зенпай,1410,L1KBTRr-dd4,Видео,ИГРАЮ ТОЛЬКО с ДИГЛОМ на FACEIT в CS2 (2500 ELO),2026-07-19,1246,47,23,False,729,https://www.youtube.com/watch?v=L1KBTRr-dd4
zenpai1337,зенпай,1410,VCb9cFyJY2E,Видео,Калибровка на FACEIT с Колесом Фортуны в CS2,2026-08-10,677,44,20,False,722,https://www.youtube.com/watch?v=VCb9cFyJY2E
вифейв,wefaith,2460,jyeMadP0v4M,Видео,"Я ПРОШЁЛ ПАРКУР В ПОПУЛЯРНЫХ ИГРАХ! (cs2, rust, deadlock, minecraft, roblox)",2026-07-10,48935,1407,175,False,962,https://www.youtube.com/watch?v=jyeMadP0v4M
вифейв,wefaith,2460,o2HFs7-RYgs,Видео,KZ ПУТЬ В ТОП 100 (мувмент),2026-05-24,34009,1609,163,False,816,https://www.youtube.com/watch?v=o2HFs7-RYgs
вифейв,wefaith,2460,vFyT-pVeNvg,Видео,KZ ПУТЬ В ТОП 100 - НО КАЖДАЯ КАРТА СЛОЖНЕЕ,2026-09-12,23542,655,61,False,831,https://www.youtube.com/watch?v=vFyT-pVeNvg
вифейв,wefaith,2460,86aIuoQJjk8,Видео,ПРОШЁЛ ПАРКУР ВО ВСЕХ ВЕРСИЯХ CS,2026-08-25,21697,581,60,False,903,https://www.youtube.com/watch?v=86aIuoQJjk8
вифейв,wefaith,2460,TTQURLN2d8k,Видео,ПУТЬ В ТОП 100 KZ - первый GODLIKE. CS 2 - СТАЛ СИЛЬНЕЕ,2026-06-11,18020,1465,136,False,566,https://www.youtube.com/watch?v=TTQURLN2d8k
вифейв,wefaith,2460,CUDoETdNZ_U,Видео,KZ ПУТЬ В ТОП 100 - ЭТА КАРТА СЛОМАЛА МЕНЯ...,2026-06-26,17937,908,85,False,971,https://www.youtube.com/watch?v=CUDoETdNZ_U
вифейв,wefaith,2460,XSTUZziYUuk,Видео,KZ ПУТЬ В ТОП 100 - ПРОШЁЛ ВСЕ ТИР 3 КАРТЫ?,2026-08-10,12344,696,105,False,865,https://www.youtube.com/watch?v=XSTUZziYUuk
вифейв,wefaith,2460,Glaj6wskNbg,Видео,KZ ПУТЬ В ТОП 100 - ВОШЁЛ В ПОТОК (ANTHARAS),2026-07-24,12283,767,83,False,760,https://www.youtube.com/watch?v=Glaj6wskNbg
вифейв,wefaith,2460,_nmGd3pYFH8,Shorts,КАК ПОМЕНЯТЬ ШРИФТ В КС2 ЗА 5 СЕКУНД! ГАЙД НА ШРИФТ #csgoclips #ксго #ксго #counterstrike #standoff2,2026-04-14,11138,245,13,False,16,https://www.youtube.com/shorts/_nmGd3pYFH8
вифейв,wefaith,2460,DlJMNnFhdxQ,Видео,KZ ПУТЬ В ТОП 100 - Я ПОСТАВИЛ WR?,2026-10-03,7457,399,57,False,1003,https://www.youtube.com/watch?v=DlJMNnFhdxQ
вифейв,wefaith,2460,_GL9SCgwM4Y,Видео,КТО В БУДНЕЕ УТРО ИГРАЕТ НА 2500 ELO? 10 LVL FACEIT УТРЕННИЕ ЛОББИ,2026-04-10,4152,110,19,False,859,https://www.youtube.com/watch?v=_GL9SCgwM4Y
вифейв,wefaith,2460,9GJa2nDnEcY,Shorts,новая фишка на кеше кс2! 10 LVL FACEIT! CACHE #csgo #cs2 #cs2cache,2026-04-30,2847,31,1,False,9,https://www.youtube.com/shorts/9GJa2nDnEcY
вифейв,wefaith,2460,rW9OuwdDi4o,Видео,99% ИГРОКОВ НЕ ЗНАЮТ ЭТИ ПРЫЖКИ НА CACHE (CS2) 10 LVL FACEIT,2026-04-22,2584,121,20,False,316,https://www.youtube.com/watch?v=rW9OuwdDi4o
вифейв,wefaith,2460,ebj-fziHWhY,Shorts,секретная пасхалка в CS2 на карте пул дей #csgo #ксго #counterstrike #кс,2026-04-17,2018,21,0,False,13,https://www.youtube.com/shorts/ebj-fziHWhY
вифейв,wefaith,2460,r8nUZfsDpYo,Shorts,"фишки на кеше в кс2, cache faceit #csgo #cs2cache #counterstrike #cs2 #кс2 #приколыcsgo #ксго",2026-04-23,1391,20,0,False,39,https://www.youtube.com/shorts/r8nUZfsDpYo
